Name,Type,County,Official_URL,ID,Vendor,API_Endpoint,Scrape_Target
Aberdeen,City,Grays Harbor,https://www.aberdeenwa.gov/,aberdeen,CivicPlus/CivicWeb,https://www.aberdeenwa.gov/,https://www.aberdeenwa.gov/
Airway Heights,City,Spokane,https://cawh.org/,airwayheights,Custom/Unknown,https://cawh.org/,Manual Review Required
Albion,City,Whitman,,albion,Unknown,None,None
Algona,City,King,https://www.algonawa.gov/,algona,Custom/Unknown,https://www.algonawa.gov/,https://www.algonawa.gov/community/advisory_boards_and_commissions/junior_council/index.php
Almira,City,Lincoln,http://www.almirawashington.com/,almira,Unreachable,http://www.almirawashington.com/,None
Anacortes,City,Skagit,https://www.anacorteswa.gov/,anacortes,CivicPlus/CivicWeb,https://www.anacorteswa.gov/,https://www.anacorteswa.gov/
Arlington,City,Snohomish,https://www.arlingtonwa.gov/,arlington,CivicPlus/CivicWeb,https://www.arlingtonwa.gov/,https://www.arlingtonwa.gov/
Asotin,City,Asotin,https://cityofasotin.org/,asotin,Custom/Unknown,https://cityofasotin.org/,Manual Review Required
Auburn,City,King/Pierce,https://www.auburnwa.gov/,auburn,Custom/Unknown,https://www.auburnwa.gov/,https://www.auburnwa.gov/city_hall/agendas___minutes
Bainbridge Island,City,Kitsap,https://www.bainbridgewa.gov/,bainbridgeisland,CivicPlus/CivicWeb,https://www.bainbridgewa.gov/,https://www.bainbridgewa.gov/
Battle Ground,City,Clark,https://www.cityofbg.org/,battleground,CivicPlus/CivicWeb,https://www.cityofbg.org/,https://www.cityofbg.org/
Beaux Arts Village,City,King,https://www.beauxarts-wa.gov/,beauxartsvillage,Custom/Unknown,https://www.beauxarts-wa.gov/,https://www.beauxarts-wa.gov/mayor-and-council
Bellevue,City,King,https://bellevuewa.gov/,bellevue,Legistar,https://webapi.legistar.com/v1/bellevue/events,https://webapi.legistar.com/v1/bellevue/events
Bellingham,City,Whatcom,https://cob.org/,bellingham,Custom/Unknown,https://cob.org/,Manual Review Required
Benton City,City,Benton,https://www.ci.benton-city.wa.us/,bentoncity,Custom/Unknown,https://www.ci.benton-city.wa.us/,Manual Review Required
Bingen,City,Klickitat,https://www.bingenwashington.org/,bingen,CivicPlus/CivicWeb,https://www.bingenwashington.org/,https://www.bingenwashington.org/
Black Diamond,City,King,https://www.blackdiamondwa.gov/,blackdiamond,CivicPlus/CivicWeb,https://www.blackdiamondwa.gov/,https://www.blackdiamondwa.gov/
Blaine,City,Whatcom,https://www.ci.blaine.wa.us/,blaine,Unreachable,https://www.ci.blaine.wa.us/,None
Bonney Lake,City,Pierce,https://www.ci.bonney-lake.wa.us/,bonneylake,CivicPlus/CivicWeb,https://www.bonneylake.gov,https://www.bonneylake.gov
Bothell,City,King/Snohomish,https://www.bothellwa.gov/,bothell,CivicPlus/CivicWeb,https://www.bothellwa.gov/,https://www.bothellwa.gov/
Bremerton,City,Kitsap,https://www.bremertonwa.gov/,bremerton,CivicPlus/CivicWeb,https://www.bremertonwa.gov/,https://www.bremertonwa.gov/
Brewster,City,Okanogan,https://www.cityofbrewsterwashington.org/,brewster,Custom/Unknown,https://www.cityofbrewsterwashington.org/,https://www.cityofbrewsterwashington.org/government/agendas_minutes.php
Bridgeport,City,Douglas,https://bridgeportwashington.net/,bridgeport,Custom/Unknown,https://bridgeportwashington.net/,https://bridgeportwashington.net/city-council/
Brier,City,Snohomish,http://www.ci.brier.wa.us/,brier,Custom/Unknown,http://www.ci.brier.wa.us/,http://www.ci.brier.wa.us/cityhall/boards.htm
Buckley,City,Pierce,https://www.cityofbuckley.com/,buckley,CivicPlus/CivicWeb,https://www.cityofbuckley.com/,https://www.cityofbuckley.com/
Bucoda,City,Thurston,https://www.bucoda.us/,bucoda,Custom/Unknown,https://www.bucoda.us/,Manual Review Required
Burien,City,King,https://www.burienwa.gov/,burien,Custom/Unknown,https://www.burienwa.gov/,https://www.burienwa.gov/city_hall/city_council/city_council_meeting_access
Burlington,City,Skagit,https://burlingtonwa.gov/,burlington,CivicPlus/CivicWeb,https://burlingtonwa.gov/,https://burlingtonwa.gov/
Camas,City,Clark,https://www.cityofcamas.us/,camas,Unreachable,https://www.cityofcamas.us/,None
Carbonado,City,Pierce,https://www.carbonado.org/,carbonado,Custom/Unknown,https://www.carbonado.org/,https://www.carbonado.org/meeting-minutes
Carnation,City,King,https://www.carnationwa.gov/,carnation,MuniCode,https://www.carnationwa.gov/,https://www.carnationwa.gov/
Cashmere,City,Chelan,https://www.cityofcashmere.org/,cashmere,Custom/Unknown,https://www.cityofcashmere.org/,Manual Review Required
Castle Rock,City,Cowlitz,https://ci.castle-rock.wa.us/,castlerock,Custom/Unknown,https://ci.castle-rock.wa.us/,https://ci.castle-rock.wa.us/government.htm
Cathlamet,City,Wahkiakum,https://www.townofcathlamet.com/,cathlamet,Custom/Unknown,https://www.townofcathlamet.com/,https://www.townofcathlamet.com/agendas-minutes
Centralia,City,Lewis,https://www.cityofcentralia.com/,centralia,CivicPlus/CivicWeb,https://www.cityofcentralia.com/,https://www.cityofcentralia.com/
Chehalis,City,Lewis,https://www.ci.chehalis.wa.us/,chehalis,Custom/Unknown,https://www.ci.chehalis.wa.us/,Manual Review Required
Chelan,City,Chelan,https://cityofchelan.gov,chelan,CivicPlus/CivicWeb,https://cityofchelan.gov/,https://cityofchelan.gov/
Cheney,City,Spokane,https://www.cityofcheney.org/,cheney,CivicPlus/CivicWeb,https://www.cityofcheney.org/,https://www.cityofcheney.org/
Chewelah,City,Stevens,https://www.cityofchewelah.org/,chewelah,CivicPlus/CivicWeb,https://www.cityofchewelah.org/,https://www.cityofchewelah.org/
Clarkston,City,Asotin,https://clarkston-wa.com/,clarkston,Custom/Unknown,https://clarkston-wa.com/,https://clarkston-wa.com/departments/city-clerk/#archive-row
Cle Elum,City,Kittitas,https://cleelum.gov/,cleelum,Custom/Unknown,https://cleelum.gov/,https://cleelum.gov/boards-commissioners/planning-commission/planning-commission-meeting-agenda-and-minutes/
Clyde Hill,City,King,https://www.clydehill.org/,clydehill,Custom/Unknown,https://www.clydehill.org/,https://www.clydehill.org/government/officials/boards_commissions/index.php
Colfax,City,Whitman,https://www.colfaxwa.org/,colfax,Custom/Unknown,https://www.colfaxwa.org/,https://www.colfaxwa.org/city-council
College Place,City,Walla Walla,https://www.cpwa.us/,collegeplace,BoardDocs,https://www.cpwa.us/,https://www.cpwa.us/
Colton,City,Whitman,http://www.coltonwashington.us/,colton,Custom/Unknown,http://www.coltonwashington.us/,https://www.coltonwashington.us/your-government/town-hall/minutes/
Colville,City,Stevens,https://www.colville.wa.us/,colville,Custom/Unknown,https://www.colville.wa.us/,Manual Review Required
Conconully,City,Okanogan,http://townofconconully.com/,conconully,Custom/Unknown,http://townofconconully.com/,http://townofconconully.com/towncouncil.htm
Concrete,City,Skagit,https://www.townofconcrete.com/,concrete,Custom/Unknown,https://www.townofconcrete.com/,https://www.townofconcrete.com/town-of-concrete-town-council-meeting-may-11-2026/
Connell,City,Franklin,https://www.cityofconnell.com/,connell,Custom/Unknown,https://www.cityofconnell.com/,https://www.cityofconnell.com/boards
Cosmopolis,City,Grays Harbor,https://www.cosmopoliswa.gov/,cosmopolis,MuniCode,https://www.cosmopoliswa.gov/,https://www.cosmopoliswa.gov/
Coulee City,City,Grant,https://couleecitywa.org/,couleecity,Custom/Unknown,https://couleecitywa.org/,https://couleecitywa.org/news-detail?item_id=33257
Coulee Dam,City,Douglas/ Grant/ Okanogan,https://townofcouleedam.org/,couleedam,Custom/Unknown,https://townofcouleedam.org/,https://townofcouleedam.org/meeting-minutes
Coupeville,City,Island,https://townofcoupeville.org/,coupeville,Custom/Unknown,https://townofcoupeville.org/,https://townofcoupeville.org/government/boards-commissions/
Covington,City,King,https://www.covingtonwa.gov/,covington,Custom/Unknown,https://www.covingtonwa.gov/,https://www.covingtonwa.gov/city_departments/executive/cityclerk/agendaandminutes.php
Creston,City,Lincoln,,creston,Unknown,None,None
Cusick,City,Pend Oreille,https://www.townofcusick.com/,cusick,Custom/Unknown,https://www.townofcusick.com/,Manual Review Required
Darrington,City,Snohomish,https://townofdarrington.com/,darrington,Custom/Unknown,https://townofdarrington.com/,https://townofdarrington.com/meetings-and-agendas/
Davenport,City,Lincoln,https://www.davenportwa.us/,davenport,Custom/Unknown,https://www.davenportwa.us/,https://www.davenportwa.us/index.asp?SEC=2FAA093E-EC07-4AF4-9E6E-537AD4A3B16F&Type=B_BASIC
Dayton,City,Columbia,https://www.daytonwa.com/,dayton,CivicPlus/CivicWeb,https://www.daytonwa.com/,https://www.daytonwa.com/
Deer Park,City,Spokane,https://www.cityofdeerparkwa.com/,deerpark,Custom/Unknown,https://www.cityofdeerparkwa.com/,https://www.cityofdeerparkwa.com/council-meetings
Des Moines,City,King,https://www.desmoineswa.gov/,desmoines,Custom/Unknown,https://www.desmoineswa.gov/,https://www.desmoineswa.gov/your_government/city_council/n_e_w_-_2026_city_council_agenda___minutes
DuPont,City,Pierce,https://www.dupontwa.gov/,dupont,CivicPlus/CivicWeb,https://www.dupontwa.gov/,https://www.dupontwa.gov/
Duvall,City,King,https://www.duvallwa.gov/,duvall,CivicPlus/CivicWeb,https://www.duvallwa.gov/,https://www.duvallwa.gov/
East Wenatchee,City,Douglas,https://www.eastwenatcheewa.gov/,eastwenatchee,CivicPlus/CivicWeb,https://www.eastwenatcheewa.gov/,https://www.eastwenatcheewa.gov/
Eatonville,City,Pierce,https://eatonville-wa.gov/,eatonville,Custom/Unknown,https://eatonville-wa.gov/,https://eatonville-wa.gov/agendas/
Edgewood,City,Pierce,https://www.cityofedgewood.org/,edgewood,CivicPlus/CivicWeb,https://www.edgewoodwa.gov/,https://www.edgewoodwa.gov/
Edmonds,City,Snohomish,https://www.edmondswa.gov/,edmonds,Custom/Unknown,https://www.edmondswa.gov/,https://www.edmondswa.gov/government/city_council/council_meeting_minutes
Electric City,City,Grant,https://www.electriccity.us/,electriccity,Custom/Unknown,https://www.electriccity.us/,https://www.electriccity.us/government/agendas___minutes.php
Ellensburg,City,Kittitas,https://ci.ellensburg.wa.us/,ellensburg,CivicPlus/CivicWeb,https://ci.ellensburg.wa.us/,https://ci.ellensburg.wa.us/
Elma,City,Grays Harbor,https://cityofelma.com/,elma,Custom/Unknown,https://cityofelma.com/,Manual Review Required
Elmer City,City,Okanogan,https://www.townofelmercity.com/,elmercity,Custom/Unknown,https://www.townofelmercity.com/,Manual Review Required
Endicott,City,Whitman,https://endicottwa.wordpress.com/,endicott,Custom/Unknown,https://endicottwa.wordpress.com/,https://endicottwa.wordpress.com/mayor-council/
Entiat,City,Chelan,https://www.entiatwa.us/,entiat,Custom/Unknown,https://www.entiatwa.us/,https://www.entiatwa.us/your_government/agendas_and_minutes/document_archive.php#outer-56
Enumclaw,City,King,https://www.cityofenumclaw.net/,enumclaw,CivicPlus/CivicWeb,https://www.cityofenumclaw.net/,https://www.cityofenumclaw.net/
Ephrata,City,Grant,https://www.ephrata.org/,ephrata,CivicPlus/CivicWeb,https://www.ephrata.org/,https://www.ephrata.org/
Everett,City,Snohomish,https://everettwa.gov/,everett,CivicPlus/CivicWeb,https://www.everettwa.gov/,https://www.everettwa.gov/
Everson,City,Whatcom,https://www.ci.everson.wa.us/,everson,Custom/Unknown,https://www.ci.everson.wa.us/,https://www.ci.everson.wa.us/departments/city_council.php
Fairfield,City,Spokane,https://fairfieldwa.com/,fairfield,Custom/Unknown,https://fairfieldwa.com/,https://fairfieldwa.com/cemetery/cemetery-board-meeting-minutes/
Farmington,City,Whitman,https://farmingtonwa.com/,farmington,Custom/Unknown,https://farmingtonwa.com/,https://farmingtonwa.com/city-hall/city-council/
Federal Way,City,King,https://www.federalwaywa.gov/,federalway,Custom/Unknown,https://www.federalwaywa.gov/,https://www.federalwaywa.gov/page/meetings-and-agendas
Ferndale,City,Whatcom,https://www.cityofferndale.org/,ferndale,CivicPlus/CivicWeb,https://www.cityofferndale.org/,https://www.cityofferndale.org/
Fife,City,Pierce,https://www.fifewa.gov/,fife,CivicPlus/CivicWeb,https://www.fifewa.gov/,https://www.fifewa.gov/
Fircrest,City,Pierce,https://www.cityoffircrest.net/,fircrest,Custom/Unknown,https://www.cityoffircrest.net/,https://www.cityoffircrest.net/updates/
Forks,City,Clallam,https://forkswashington.org/,forks,Custom/Unknown,https://forkswashington.org/,https://forkswashington.org/document-category/council-agendas/
Friday Harbor,City,San Juan,http://www.fridayharbor.org/,fridayharbor,CivicPlus/CivicWeb,https://www.fridayharbor.org/,https://www.fridayharbor.org/
Garfield,City,Whitman,https://garfieldwa.com/,garfield,Custom/Unknown,https://garfieldwa.com/,Manual Review Required
George,City,Grant,http://www.cityofgeorge.org/,george,Custom/Unknown,http://www.cityofgeorge.org/,https://www.cityofgeorge.org/wp-content/uploads/7.15.2025-Agenda.pdf
Gig Harbor,City,Pierce,https://www.gigharborwa.gov/,gigharbor,CivicPlus/CivicWeb,https://www.gigharborwa.gov/,https://www.gigharborwa.gov/
Gold Bar,City,Snohomish,https://cityofgoldbar.us/,goldbar,Custom/Unknown,https://cityofgoldbar.us/,https://cityofgoldbar.us/city-government/city-council/council-agenda-minutes/
Goldendale,City,Klickitat,https://www.ci.goldendale.wa.us/,goldendale,Custom/Unknown,https://www.ci.goldendale.wa.us/,https://www.ci.goldendale.wa.us/your-government/city-council/agendas-minutes
Grand Coulee,City,Grant,https://gccitywa.org/,grandcoulee,Custom/Unknown,https://gccitywa.org/,https://gccitywa.org/documents/2025-city-council-agendas/
Grandview,City,Yakima,https://www.grandview.wa.us/,grandview,Custom/Unknown,https://www.grandview.wa.us/,https://www.grandview.wa.us/public-documents/2019-council-agendas/
Granger,City,Yakima,https://www.grangerwashington.org/,granger,CivicPlus/CivicWeb,https://www.grangerwashington.org/,https://www.grangerwashington.org/
Granite Falls,City,Snohomish,https://ci.granite-falls.wa.us/,granitefalls,Custom/Unknown,https://ci.granite-falls.wa.us/,https://ci.granite-falls.wa.us/government/agendas_minutes/city_council_agendas_minutes.php
Hamilton,City,Skagit,https://www.townofhamiltonwa.com/,hamilton,Custom/Unknown,https://www.townofhamiltonwa.com/,https://www.townofhamiltonwa.com/city-council/
Harrah,City,Yakima,,harrah,Unknown,None,None
Harrington,City,Lincoln,,harrington,Unknown,None,None
Hartline,City,Grant,,hartline,Unknown,None,None
Hatton,City,Adams,,hatton,Unknown,None,None
Hoquiam,City,Grays Harbor,https://cityofhoquiam.com/,hoquiam,Custom/Unknown,https://cityofhoquiam.com/,Manual Review Required
Hunts Point,City,King,https://huntspoint-wa.gov/,huntspoint,Custom/Unknown,https://huntspoint-wa.gov/,https://huntspoint-wa.gov/index.asp?SEC=E89EBABA-9DD7-4065-AEB6-E7561F554EDF
Ilwaco,City,Pacific,https://ilwaco-wa.gov/,ilwaco,Custom/Unknown,https://ilwaco-wa.gov/,https://ilwaco-wa.gov/meetings
Index,City,Snohomish,,index,Unknown,None,None
Ione,City,Pend Oreille,,ione,Unknown,None,None
Issaquah,City,King,https://www.issaquahwa.gov/,issaquah,CivicPlus/CivicWeb,https://www.issaquahwa.gov/,https://www.issaquahwa.gov/
Kahlotus,City,Franklin,,kahlotus,Unknown,None,None
Kalama,City,Cowlitz,https://www.cityofkalama.com/,kalama,MuniCode,https://www.cityofkalama.com/,https://www.cityofkalama.com/
Kelso,City,Cowlitz,https://www.kelso.gov/,kelso,CivicPlus/CivicWeb,https://www.kelso.gov/,https://www.kelso.gov/
Kenmore,City,King,https://www.kenmorewa.gov/,kenmore,Custom/Unknown,https://www.kenmorewa.gov/,Manual Review Required
Kennewick,City,Benton,https://www.go2kennewick.com/,kennewick,CivicPlus/CivicWeb,https://www.go2kennewick.com/,https://www.go2kennewick.com/
Kent,City,King,https://www.kentwa.gov/,kent,Custom/Unknown,https://www.kentwa.gov/,Manual Review Required
Kettle Falls,City,Stevens,https://www.cityofkettlefalls.org/,kettlefalls,Custom/Unknown,https://www.cityofkettlefalls.org/,https://www.cityofkettlefalls.org/citycouncil
Kirkland,City,King,https://www.kirklandwa.gov/Home,kirkland,Granicus,https://www.kirklandwa.gov/home,https://www.kirklandwa.gov/home
Kittitas,City,Kittitas,http://www.cityofkittitas.com/,kittitas,Custom/Unknown,http://www.cityofkittitas.com/,http://www.cityofkittitas.com/minutes.html
Krupp,City,Grant,,krupp,Unknown,None,None
La Center,City,Clark,https://ci.lacenter.wa.us/,lacenter,Custom/Unknown,https://ci.lacenter.wa.us/,https://ci.lacenter.wa.us/#
La Conner,City,Skagit,https://www.townoflaconner.org/,laconner,CivicPlus/CivicWeb,https://www.townoflaconner.org/,https://www.townoflaconner.org/
Lacey,City,Thurston,https://cityoflacey.org/,lacey,Custom/Unknown,https://cityoflacey.org/,https://cityoflacey.org/government/lacey-city-council/boards-commissions/
LaCrosse,City,Whitman,https://www.lacrossewa.us/,lacrosse,Custom/Unknown,https://www.lacrossewa.us/,Manual Review Required
Lake Forest Park,City,King,https://www.cityoflfp.gov/,lakeforestpark,CivicPlus/CivicWeb,https://www.cityoflfp.gov/,https://www.cityoflfp.gov/
Lake Stevens,City,Snohomish,https://www.lakestevenswa.gov/,lakestevens,CivicPlus/CivicWeb,https://www.lakestevenswa.gov/,https://www.lakestevenswa.gov/
Lakewood,City,Pierce,https://cityoflakewood.us/,lakewood,Custom/Unknown,https://cityoflakewood.us/,https://cityoflakewood.us/city-council-agendas/
Lamont,City,Whitman,,lamont,Unknown,None,None
Langley,City,Island,https://www.langleywa.org/,langley,Custom/Unknown,https://www.langleywa.org/,https://www.langleywa.org/government/city_council/agendas_minutes.php
Latah,City,Spokane,,latah,Unknown,None,None
Leavenworth,City,Chelan,https://cityofleavenworth.com/,leavenworth,Custom/Unknown,https://cityofleavenworth.com/,Manual Review Required
Liberty Lake,City,Spokane,https://www.libertylakewa.gov/,libertylake,CivicPlus/CivicWeb,https://www.libertylakewa.gov/,https://www.libertylakewa.gov/
Lind,City,Adams,,lind,Unknown,None,None
Long Beach,City,Pacific,https://www.longbeachwa.gov/,longbeach,Custom/Unknown,https://www.longbeachwa.gov/,Manual Review Required
Longview,City,Cowlitz,https://www.mylongview.com/,longview,CivicPlus/CivicWeb,https://www.mylongview.com/,https://www.mylongview.com/
Lyman,City,Skagit,https://townoflyman.com/,lyman,Custom/Unknown,https://townoflyman.com/,https://townoflyman.com/council-meeting-minutes
Lynden,City,Whatcom,https://www.lyndenwa.org/,lynden,CivicPlus/CivicWeb,https://www.lyndenwa.org/,https://www.lyndenwa.org/
Lynnwood,City,Snohomish,https://www.lynnwoodwa.gov/Home,lynnwood,Granicus,https://www.lynnwoodwa.gov/home,https://www.lynnwoodwa.gov/home
Mabton,City,Yakima,https://www.cityofmabton.com/,mabton,Custom/Unknown,https://www.cityofmabton.com/,Manual Review Required
Malden,City,Whitman,https://maldenwaorg.wordpress.com/,malden,Custom/Unknown,https://maldenwaorg.wordpress.com/,https://maldenwaorg.wordpress.com/meetings-and-documents/
Mansfield,City,Douglas,https://townofmansfield.net/,mansfield,Custom/Unknown,https://townofmansfield.net/,https://townofmansfield.net/meeting-agendas-and-minutes
Maple Valley,City,King,https://www.maplevalleywa.gov/,maplevalley,Custom/Unknown,https://www.maplevalleywa.gov/,https://www.maplevalleywa.gov/government/city_council_meetings_agendas_and_minutes.php
Marcus,City,Stevens,,marcus,Unknown,None,None
Marysville,City,Snohomish,https://marysvillewa.gov/,marysville,CivicPlus/CivicWeb,https://marysvillewa.gov/,https://marysvillewa.gov/
Mattawa,City,Grant,https://www.cityofmattawa.com/,mattawa,Custom/Unknown,https://www.cityofmattawa.com/,Manual Review Required
McCleary,City,Grays Harbor,https://www.cityofmccleary.com/,mccleary,Unreachable,https://www.cityofmccleary.com/,None
Medical Lake,City,Spokane,https://medical-lake.org/,medicallake,Custom/Unknown,https://medical-lake.org/,Manual Review Required
Medina,City,King,https://www.medina-wa.gov/,medina,Unreachable,https://www.medina-wa.gov/,None
Mercer Island,City,King,https://www.mercerisland.gov/,mercerisland,Unreachable,https://www.mercerisland.gov/,None
Mesa,City,Franklin,,mesa,Unknown,None,None
Metaline,City,Pend Oreille,,metaline,Unknown,None,None
Metaline Falls,City,Pend Oreille,,metalinefalls,Unknown,None,None
Mill Creek,City,Snohomish,https://millcreekwa.gov/,millcreek,Custom/Unknown,https://millcreekwa.gov/,https://millcreekwa.gov/council
Millwood,City,Spokane,https://www.millwoodwa.us/,millwood,Custom/Unknown,https://www.millwoodwa.us/,Manual Review Required
Milton,City,King/Pierce,https://www.cityofmilton.net/,milton,CivicPlus/CivicWeb,https://www.miltonwa.gov/,https://www.miltonwa.gov/
Monroe,City,Snohomish,https://www.monroewa.gov/,monroe,CivicPlus/CivicWeb,https://www.monroewa.gov/,https://www.monroewa.gov/
Montesano,City,Grays Harbor,https://cityofmontesano.com/,montesano,Custom/Unknown,https://cityofmontesano.com/,https://cityofmontesano.com/government/document_center/agendas___minutes.php
Morton,City,Lewis,https://www.visitmorton.com/,morton,Custom/Unknown,https://www.visitmorton.com/,https://visitmorton.com/city-hall/#CityCouncilMeetings
Moses Lake,City,Grant,https://www.cityofml.com/,moseslake,CivicPlus/CivicWeb,https://www.cityofml.com/,https://www.cityofml.com/
Mossyrock,City,Lewis,https://www.cityofmossyrock.com/,mossyrock,MuniCode,https://www.cityofmossyrock.com/,https://www.cityofmossyrock.com/
Mount Vernon,City,Skagit,https://www.mountvernonwa.gov/,mountvernon,CivicPlus/CivicWeb,https://www.mountvernonwa.gov/,https://www.mountvernonwa.gov/
Mountlake Terrace,City,Snohomish,https://www.cityofmlt.com/,mountlaketerrace,CivicPlus/CivicWeb,https://www.cityofmlt.com/,https://www.cityofmlt.com/
Moxee,City,Yakima,https://cityofmoxee.us/,moxee,Custom/Unknown,https://cityofmoxee.us/,http://cityofmoxee.us/documents/#AgendasMinutes
Mukilteo,City,Snohomish,https://mukilteowa.gov/,mukilteo,CivicPlus/CivicWeb,https://mukilteowa.gov/,https://mukilteowa.gov/
Naches,City,Yakima,https://townofnaches.com/,naches,Custom/Unknown,https://townofnaches.com/,https://townofnaches.com/town-hall/#MayorTownCouncil
Napavine,City,Lewis,https://www.cityofnapavine.com/,napavine,Unreachable,https://www.cityofnapavine.com/,None
Nespelem,City,Okanogan,https://www.townofnespelem.com/,nespelem,Custom/Unknown,https://www.townofnespelem.com/,Manual Review Required
Newcastle,City,King,https://www.newcastlewa.gov/,newcastle,Custom/Unknown,https://www.newcastlewa.gov/,https://www.newcastlewa.gov/cms/one.aspx?portalId=4026119&pageId=4026135&objectId.66434=20845974&contextId.66434=4197845&parentId.66434=4197846&localStartDate=2026-05-13T18:00&localEndDate=2026-05-13T20:00&ref=Qw0veM3chuERbnHQMl9y3Bnj%2ffKgHa3Prn%2fGhhQp7X0%3d
Newport,City,Pend Oreille,https://newport-wa.org/,newport,Custom/Unknown,https://newport-wa.org/,https://newport-wa.org/city-administration/
Nooksack,City,Whatcom,http://www.cityofnooksack.com/,nooksack,Custom/Unknown,http://www.cityofnooksack.com/,https://www.cityofnooksack.com/about_us/agenda_and_minutes.php
Normandy Park,City,King,https://normandyparkwa.gov/,normandypark,Custom/Unknown,https://normandyparkwa.gov/,https://normandyparkwa.gov/city-council/#participate_in_meetings
North Bend,City,King,https://northbendwa.gov/,northbend,CivicPlus/CivicWeb,https://northbendwa.gov/,https://northbendwa.gov/
North Bonneville,City,Skamania,https://northbonneville.net/,northbonneville,Custom/Unknown,https://northbonneville.net/,https://northbonneville.net/government/council-meetings/
Northport,City,Stevens,,northport,Unknown,None,None
Oak Harbor,City,Island,https://www.oakharbor.gov/,oakharbor,CivicPlus/CivicWeb,https://www.oakharbor.gov/,https://www.oakharbor.gov/
Oakesdale,City,Whitman,https://www.oakesdale.org/,oakesdale,Custom/Unknown,https://www.oakesdale.org/,Manual Review Required
Oakville,City,Grays Harbor,https://www.oakvillecityhall.com/,oakville,Custom/Unknown,https://www.oakvillecityhall.com/,Manual Review Required
Ocean Shores,City,Grays Harbor,https://www.osgov.com/,oceanshores,CivicPlus/CivicWeb,https://www.osgov.com/,https://www.osgov.com/
Odessa,City,Lincoln,https://odessawa.org/,odessa,Custom/Unknown,https://odessawa.org/,Manual Review Required
Okanogan,City,Okanogan,https://www.okanogancity.com/,okanogan,Custom/Unknown,https://www.okanogancity.com/,Manual Review Required
Olympia,City,Thurston,https://www.olympiawa.gov/,olympia,Legistar,https://webapi.legistar.com/v1/olympia/events,https://webapi.legistar.com/v1/olympia/events
Omak,City,Okanogan,https://www.omakcity.com/,omak,CivicPlus/CivicWeb,https://www.omakcity.com/,https://www.omakcity.com/
Oroville,City,Okanogan,https://oroville-wa.com/,oroville,MuniCode,https://oroville-wa.com/,https://oroville-wa.com/
Orting,City,Pierce,https://www.cityoforting.org/,orting,Custom/Unknown,https://www.cityoforting.org/,Manual Review Required
Othello,City,Adams,https://www.othellowa.gov/,othello,Custom/Unknown,https://www.othellowa.gov/,https://www.othellowa.gov/council-meeting-calendar
Pacific,City,King/Pierce,https://www.pacificwa.gov/,pacific,Custom/Unknown,https://www.pacificwa.gov/,https://www.pacificwa.gov/government/agendas___minutes.php
Palouse,City,Whitman,https://www.palousewa.gov/,palouse,Custom/Unknown,https://www.palousewa.gov/,https://www.palousewa.gov/council-meetings/
Pasco,City,Franklin,https://www.pasco-wa.gov/,pasco,CivicPlus/CivicWeb,https://www.pasco-wa.gov/,https://www.pasco-wa.gov/
Pateros,City,Okanogan,https://www.pateros.com/,pateros,Custom/Unknown,https://www.pateros.com/,https://www.pateros.com/government/mayor_council/agendas_minutes.php
Pe Ell,City,Lewis,https://www.townofpeell.com/,peell,MuniCode,https://www.townofpeell.com/,https://www.townofpeell.com/
Pomeroy,City,Garfield,https://www.cityofpomeroy1.com/,pomeroy,Custom/Unknown,https://www.cityofpomeroy1.com/,https://www.cityofpomeroy1.com/city-council-minutes
Port Angeles,City,Clallam,https://www.cityofpa.us/,portangeles,CivicPlus/CivicWeb,https://www.cityofpa.us/,https://www.cityofpa.us/
Port Orchard,City,Kitsap,https://portorchardwa.gov/,portorchard,Custom/Unknown,https://portorchardwa.gov/,https://portorchardwa.gov/event/city-council-work-study-meeting-5-2024-12-17-2025-08-19-2026-01-20-2026-02-17-2026-03-17-2026-04-21-2026-05-19/
Port Townsend,City,Jefferson,https://cityofpt.us/,porttownsend,Unreachable,https://cityofpt.us/,None
Poulsbo,City,Kitsap,https://cityofpoulsbo.com/,poulsbo,Custom/Unknown,https://cityofpoulsbo.com/,https://poulsbo.gov/agenda-minutes/
Prescott,City,Walla Walla,,prescott,Unknown,None,None
Prosser,City,Benton,https://cityofprosser.com/,prosser,CivicPlus/CivicWeb,https://cityofprosser.com/,https://cityofprosser.com/
Pullman,City,Whitman,https://www.pullman-wa.gov/,pullman,Custom/Unknown,https://www.pullman-wa.gov/,https://www.pullman-wa.gov/government/boards_commissions___committees/index.php
Puyallup,City,Pierce,https://www.puyallupwa.gov/,puyallup,CivicPlus/CivicWeb,https://www.puyallupwa.gov/,https://www.puyallupwa.gov/
Quincy,City,Grant,https://www.quincywashington.us/,quincy,CivicPlus/CivicWeb,https://www.quincywashington.us/,https://www.quincywashington.us/
Rainier,City,Thurston,https://www.cityofrainierwa.org/,rainier,CivicPlus/CivicWeb,https://www.cityofrainierwa.org/,https://www.cityofrainierwa.org/
Raymond,City,Pacific,https://cityofraymond.com/,raymond,Custom/Unknown,https://cityofraymond.com/,https://cityofraymond.com/city-council/
Reardan,City,Lincoln,,reardan,Unknown,None,None
Redmond,City,King,https://www.redmond.gov/,redmond,Legistar,https://webapi.legistar.com/v1/redmond/events,https://webapi.legistar.com/v1/redmond/events
Renton,City,King,https://www.rentonwa.gov/,renton,Granicus,https://www.rentonwa.gov/home,https://www.rentonwa.gov/home
Republic,City,Ferry,https://www.cityofrepublic.org/,republic,Custom/Unknown,https://www.cityofrepublic.org/,https://www.cityofrepublic.org/meeting-minutes-agendas
Richland,City,Benton,https://www.ci.richland.wa.us/,richland,Custom/Unknown,https://www.ci.richland.wa.us/,Manual Review Required
Ridgefield,City,Clark,https://ridgefieldwa.us/,ridgefield,CivicPlus/CivicWeb,https://ridgefieldwa.us/,https://ridgefieldwa.us/
Ritzville,City,Adams,https://www.cityofritzville.com/,ritzville,Custom/Unknown,https://www.cityofritzville.com/,https://www.cityofritzville.com/minutes-agendas
Riverside,City,Okanogan,,riverside,Unknown,None,None
Rock Island,City,Douglas,https://www.rockislandwa.gov/,rockisland,Custom/Unknown,https://www.rockislandwa.gov/,Manual Review Required
Rockford,City,Spokane,https://www.rockfordwa.com/,rockford,Custom/Unknown,https://www.rockfordwa.com/,https://www.rockfordwa.com/mayor-council.html
Rosalia,City,Whitman,https://townofrosalia.net/,rosalia,Custom/Unknown,https://townofrosalia.net/,https://townofrosalia.net/2026/03/28/capital-improvements-workshop-council-meeting/
Roslyn,City,Kittitas,https://www.ci.roslyn.wa.us/,roslyn,Custom/Unknown,https://www.ci.roslyn.wa.us/,https://www.ci.roslyn.wa.us/mayor-city-council
Roy,City,Pierce,https://cityofroywa.us/,roy,Unreachable,https://cityofroywa.us/,None
Royal City,City,Grant,https://www.royalcitywa.org/,royalcity,Custom/Unknown,https://www.royalcitywa.org/,https://www.royalcitywa.org/council-agenda-and-minutes
Ruston,City,Pierce,https://www.rustonwa.org/,ruston,Custom/Unknown,https://www.rustonwa.org/,https://www.rustonwa.org/planning-commission-meeting-agendas/
Sammamish,City,King,https://www.sammamish.us/,sammamish,Custom/Unknown,https://www.sammamish.us/,https://www.sammamish.us/government/commissions/
SeaTac,City,King,https://www.seatacwa.gov/,seatac,Custom/Unknown,https://www.seatacwa.gov/,Manual Review Required
Seattle,City,King,https://www.seattle.gov/,seattle,Legistar,https://webapi.legistar.com/v1/seattle/events,https://webapi.legistar.com/v1/seattle/events
Sedro-Woolley,City,Skagit,https://www.sedro-woolley.gov/,sedrowoolley,Custom/Unknown,https://www.sedro-woolley.gov/,https://www.sedro-woolley.gov/governing_bodies/city_council/archived_meetings.php
Selah,City,Yakima,https://selahwa.gov,selah,CivicPlus/CivicWeb,https://selahwa.gov/,https://selahwa.gov/
Sequim,City,Clallam,https://www.sequimwa.gov/,sequim,CivicPlus/CivicWeb,https://www.sequimwa.gov/,https://www.sequimwa.gov/
Shelton,City,Mason,https://www.sheltonwa.gov/,shelton,Custom/Unknown,https://www.sheltonwa.gov/,https://www.sheltonwa.gov/government/city_council/meeting_agendas_packets_minutes_and_videos_2016_2022.php
Shoreline,City,King,https://www.shorelinewa.gov/,shoreline,Custom/Unknown,https://www.shorelinewa.gov/,Manual Review Required
Skykomish,City,King,https://skykomishwa.gov/,skykomish,Custom/Unknown,https://skykomishwa.gov/,https://skykomishwa.gov/bulletin-board
Snohomish,City,Snohomish,https://www.snohomishwa.gov/,snohomish,Legistar,https://webapi.legistar.com/v1/snohomish/events,https://webapi.legistar.com/v1/snohomish/events
Snoqualmie,City,King,https://www.snoqualmiewa.gov/,snoqualmie,CivicPlus/CivicWeb,https://www.snoqualmiewa.gov/,https://www.snoqualmiewa.gov/
Soap Lake,City,Grant,https://www.soaplakewa.gov,soaplake,Custom/Unknown,https://www.soaplakewa.gov,https://www.soaplakewa.gov/council-live
South Bend,City,Pacific,https://southbend-wa.gov/,southbend,Custom/Unknown,https://southbend-wa.gov/,https://southbend-wa.gov/city-government/city-council/
South Cle Elum,City,Kittitas,,southcleelum,Unknown,None,None
South Prairie,City,Pierce,https://www.townofsp.com/,southprairie,Custom/Unknown,https://www.townofsp.com/,https://www.townofsp.com/file-share
Spangle,City,Spokane,,spangle,Unknown,None,None
Spokane,City,Spokane,https://my.spokanecity.org/,spokane,Custom/Unknown,https://my.spokanecity.org/,https://my.spokanecity.org/news/stories/2026/04/15/city-council-changes-monday-meetings-to-wednesday/
Spokane Valley,City,Spokane,https://www.spokanevalleywa.gov/,spokanevalley,CivicPlus/CivicWeb,https://www.spokanevalleywa.gov/,https://www.spokanevalleywa.gov/
Sprague,City,Lincoln,https://sprague-wa.us/,sprague,Custom/Unknown,https://sprague-wa.us/,Manual Review Required
Springdale,City,Stevens,,springdale,Unknown,None,None
St. John,City,Whitman,https://www.stjohnwa.com/,stjohn,Custom/Unknown,https://www.stjohnwa.com/,Manual Review Required
Stanwood,City,Snohomish,https://stanwoodwa.org/,stanwood,CivicPlus/CivicWeb,https://stanwoodwa.org/,https://stanwoodwa.org/
Starbuck,City,Columbia,,starbuck,Unknown,None,None
Steilacoom,City,Pierce,https://townofsteilacoom.org/,steilacoom,CivicPlus/CivicWeb,https://townofsteilacoom.org/,https://townofsteilacoom.org/
Stevenson,City,Skamania,https://www.ci.stevenson.wa.us/,stevenson,Unreachable,https://www.ci.stevenson.wa.us/,None
Sultan,City,Snohomish,https://www.sultanwa.gov/,sultan,CivicPlus/CivicWeb,https://www.sultanwa.gov/,https://www.sultanwa.gov/
Sumas,City,Whatcom,https://www.cityofsumas.com/,sumas,MuniCode,https://www.cityofsumas.com/,https://www.cityofsumas.com/
Sumner,City,Pierce,https://sumnerwa.gov/,sumner,Custom/Unknown,https://sumnerwa.gov/,https://sumnerwa.gov/council/agendas-minutes-videos/
Sunnyside,City,Yakima,https://www.sunnyside-wa.gov/,sunnyside,CivicPlus/CivicWeb,https://www.sunnyside-wa.gov/,https://www.sunnyside-wa.gov/
Tacoma,City,Pierce,https://tacoma.gov/,tacoma,Legistar,https://webapi.legistar.com/v1/cityoftacoma/events,https://webapi.legistar.com/v1/cityoftacoma/events
Tekoa,City,Whitman,https://www.tekoawa.com/,tekoa,Custom/Unknown,https://www.tekoawa.com/,https://www.tekoawa.com/council-meetings
Tenino,City,Thurston,https://www.cityoftenino.us/,tenino,Custom/Unknown,https://www.cityoftenino.us/,Manual Review Required
Tieton,City,Yakima,https://www.cityoftieton.gov/,tieton,Custom/Unknown,https://www.cityoftieton.gov/,Manual Review Required
Toledo,City,Lewis,https://toledowa.us/,toledo,CivicPlus/CivicWeb,https://www.toledowa.us,https://www.toledowa.us
Tonasket,City,Okanogan,https://www.tonasketwa.gov/,tonasket,Custom/Unknown,https://www.tonasketwa.gov/,Manual Review Required
Toppenish,City,Yakima,https://www.toppenish.gov/,toppenish,Custom/Unknown,https://www.toppenish.gov/,Manual Review Required
Tukwila,City,King,https://www.tukwilawa.gov/,tukwila,Custom/Unknown,https://www.tukwilawa.gov/,http://www.tukwilawa.gov/departments/mayors-office/boards-and-commissions/
Tumwater,City,Thurston,https://www.ci.tumwater.wa.us/,tumwater,Custom/Unknown,https://www.ci.tumwater.wa.us/,Manual Review Required
Twisp,City,Okanogan,https://www.townoftwisp.com/,twisp,Custom/Unknown,https://www.townoftwisp.com/,https://www.townoftwisp.com/government/boards_commissions.php
Union Gap,City,Yakima,https://uniongapwa.gov/,uniongap,MuniCode,https://uniongapwa.gov/,https://uniongapwa.gov/
Uniontown,City,Whitman,https://uniontownwa.org/,uniontown,Custom/Unknown,https://uniontownwa.org/,https://uniontownwa.org/town-hall/mayor-town-council/
University Place,City,Pierce,https://www.cityofup.com/,universityplace,CivicPlus/CivicWeb,https://www.cityofup.com/,https://www.cityofup.com/
Vader,City,Lewis,https://www.vaderwa.org/,vader,MuniCode,https://www.vaderwa.org/,https://www.vaderwa.org/
Vancouver,City,Clark,https://www.cityofvancouver.us/,vancouver,Custom/Unknown,https://www.cityofvancouver.us/,https://www.cityofvancouver.us/government/mayor-and-city-council/meetings-agendas-minutes/
Waitsburg,City,Walla Walla,https://www.cityofwaitsburg.com/,waitsburg,Custom/Unknown,https://www.cityofwaitsburg.com/,Manual Review Required
Walla Walla,City,Walla Walla,https://www.wallawallawa.gov/,wallawalla,Custom/Unknown,https://www.wallawallawa.gov/,Manual Review Required
Wapato,City,Yakima,https://wapato-city.org/,wapato,Custom/Unknown,https://wapato-city.org/,https://wapato-city.org/city_council/agendas___minutes.php
Warden,City,Grant,https://cityofwarden.org/,warden,Custom/Unknown,https://cityofwarden.org/,https://cityofwarden.org/meeting-agendas-and-minutes
Washougal,City,Clark,https://www.cityofwashougal.us/,washougal,CivicPlus/CivicWeb,https://www.cityofwashougal.us/,https://www.cityofwashougal.us/
Washtucna,City,Adams,https://washtucna.org/,washtucna,Custom/Unknown,https://washtucna.org/,Manual Review Required
Waterville,City,Douglas,https://www.watervillewa.com/,waterville,Custom/Unknown,https://www.watervillewa.com/,Manual Review Required
Waverly,City,Spokane,,waverly,Unknown,None,None
Wenatchee,City,Chelan,https://www.wenatcheewa.gov/,wenatchee,Custom/Unknown,https://www.wenatcheewa.gov/,Manual Review Required
West Richland,City,Benton,https://www.westrichland.org/,westrichland,CivicPlus/CivicWeb,https://www.westrichland.org/,https://www.westrichland.org/
Westport,City,Grays Harbor,https://www.ci.westport.wa.us/,westport,Custom/Unknown,https://www.ci.westport.wa.us/,https://www.ci.westport.wa.us/government/boards___commissions/index.php
White Salmon,City,Klickitat,https://www.whitesalmonwa.gov/,whitesalmon,Unreachable,https://www.whitesalmonwa.gov/,None
Wilbur,City,Lincoln,https://www.wilburwa.gov/,wilbur,CivicPlus/CivicWeb,https://www.wilburwa.gov/,https://www.wilburwa.gov/
Wilkeson,City,Pierce,https://www.townofwilkeson.com/,wilkeson,Custom/Unknown,https://www.townofwilkeson.com/,https://www.townofwilkeson.com/general-9
Wilson Creek,City,Grant,http://www.wilsoncreekwa.com/,wilsoncreek,Custom/Unknown,http://www.wilsoncreekwa.com/,http://www.wilsoncreekwa.com/council/council-meetings-agendas-minutes/
Winlock,City,Lewis,https://cityofwinlock.com/,winlock,CivicPlus/CivicWeb,https://www.cityofwinlock.com,https://www.cityofwinlock.com
Winthrop,City,Okanogan,http://www.townofwinthrop.com/,winthrop,Custom/Unknown,http://www.townofwinthrop.com/,http://www.townofwinthrop.com/towncouncil.html
Woodinville,City,King,https://www.ci.woodinville.wa.us/,woodinville,CivicPlus/CivicWeb,https://www.woodinville.gov/,https://www.woodinville.gov/
Woodland,City,Cowlitz/Clark,https://www.ci.woodland.wa.us/,woodland,Custom/Unknown,https://www.ci.woodland.wa.us/,Manual Review Required
Woodway,City,Snohomish,https://www.townofwoodway.com/,woodway,Custom/Unknown,https://www.townofwoodway.com/,https://www.townofwoodway.com/your_government/council_agendas_and_minutes.php# 
Yacolt,City,Clark,https://www.townofyacolt.com/,yacolt,Unreachable,https://www.townofyacolt.com/,None
Yakima,City,Yakima,https://www.yakimawa.gov/,yakima,Custom/Unknown,https://www.yakimawa.gov/,https://www.yakimawa.gov/council/agendas-and-minutes/
Yarrow Point,City,King,https://yarrowpointwa.gov/,yarrowpoint,Custom/Unknown,https://yarrowpointwa.gov/,https://yarrowpointwa.gov/boards-commissions/
Yelm,City,Thurston,https://www.yelmwa.gov/,yelm,Custom/Unknown,https://www.yelmwa.gov/,https://www.yelmwa.gov/government/city_council/agendas_minutes.php
Zillah,City,Yakima,https://www.cityofzillah.us/,zillah,Custom/Unknown,https://www.cityofzillah.us/,https://www.cityofzillah.us/government/council_agendas___minutes.php
Asotin County,County,Asotin County,https://www.asotincountywa.gov/,asotincounty,CivicPlus/CivicWeb,https://www.asotincountywa.gov/,https://www.asotincountywa.gov/
Benton County,County,Benton County,https://www.bentoncountywa.gov/,bentoncounty,Custom/Unknown,https://www.bentoncountywa.gov/,https://www.bentoncountywa.gov/government/agendas_minutes/board_of_adjustment.php
Chelan County,County,Chelan County,https://www.co.chelan.wa.us/,chelancounty,Custom/Unknown,https://www.co.chelan.wa.us/,https://www.co.chelan.wa.us/board-of-commissioners/pages/document-and-record-search
Clallam County,County,Clallam County,https://www.clallamcountywa.gov/,clallamcounty,CivicPlus/CivicWeb,https://www.clallamcountywa.gov/,https://www.clallamcountywa.gov/
Clark County,County,Clark County,https://clark.wa.gov/,clarkcounty,Custom/Unknown,https://clark.wa.gov/,https://clark.wa.gov/councilors/clark-county-council-meetings
Columbia County,County,Columbia County,https://www.columbiaco.com/,columbiacounty,CivicPlus/CivicWeb,https://www.columbiaco.com/,https://www.columbiaco.com/
Cowlitz County,County,Cowlitz County,https://www.co.cowlitz.wa.us/,cowlitzcounty,CivicPlus/CivicWeb,https://www.co.cowlitz.wa.us/,https://www.co.cowlitz.wa.us/
Douglas County,County,Douglas County,https://www.douglascountywa.net/,douglascounty,CivicPlus/CivicWeb,https://www.douglascountywa.gov/,https://www.douglascountywa.gov/
Ferry County,County,Ferry County,https://www.ferry-county.com/,ferrycounty,Custom/Unknown,https://www.ferry-county.com/,https://www.ferry-county.com/government/board_of_commissioners/index.php
Franklin County,County,Franklin County,https://www.franklincountywa.gov/,franklincounty,CivicPlus/CivicWeb,https://www.franklincountywa.gov/,https://www.franklincountywa.gov/
Adams County,County,Adams County,https://www.co.adams.wa.gov/,adamscounty,CivicPlus/CivicWeb,https://www.co.adams.wa.gov/,https://www.co.adams.wa.gov/
Wahkiakum County,County,Wahkiakum County,https://www.co.wahkiakum.wa.us/,wahkiakumcounty,CivicPlus/CivicWeb,https://www.co.wahkiakum.wa.us/,https://www.co.wahkiakum.wa.us/
Garfield County,County,Garfield County,https://www.garfieldcountywa.gov/,garfieldcounty,Custom/Unknown,https://www.garfieldcountywa.gov/,Manual Review Required
Grays Harbor County,County,Grays Harbor County,https://www.graysharbor.us/,graysharborcounty,MuniCode,https://www.graysharbor.us/,https://www.graysharbor.us/
Island County,County,Island County,https://www.islandcountywa.gov/,islandcounty,CivicPlus/CivicWeb,https://www.islandcountywa.gov/,https://www.islandcountywa.gov/
Jefferson County,County,Jefferson County,https://www.co.jefferson.wa.us/,jeffersoncounty,CivicPlus/CivicWeb,https://www.co.jefferson.wa.us/,https://www.co.jefferson.wa.us/
King County,County,King County,https://kingcounty.gov/,kingcounty,Custom/Unknown,https://kingcounty.gov/,https://kingcounty.gov/en/dept/council/governance-leadership/county-council/councilmembers-districts
Kitsap County,County,Kitsap County,https://www.kitsap.gov/,kitsapcounty,Custom/Unknown,https://www.kitsap.gov/,https://www.kitsap.gov/BOC_p/Pages/default.aspx
Kittitas County,County,Kittitas County,https://www.co.kittitas.wa.us/,kittitascounty,Custom/Unknown,https://www.co.kittitas.wa.us/,https://www.co.kittitas.wa.us/boc/view-meeting-details.aspx?agendaID=12849
Klickitat County,County,Klickitat County,https://www.klickitatcounty.gov/,klickitatcounty,CivicPlus/CivicWeb,https://www.klickitatcounty.gov/,https://www.klickitatcounty.gov/
Lewis County,County,Lewis County,https://lewiscountywa.gov/,lewiscounty,Custom/Unknown,https://lewiscountywa.gov/,https://lewiscountywa.gov/offices/commissioners/bocc-minutes/bocc-meeting-minutes-04282026/
Grant County,County,Grant County,https://www.grantcountywa.gov/,grantcounty,CivicPlus/CivicWeb,https://www.grantcountywa.gov/,https://www.grantcountywa.gov/
Lincoln County,County,Lincoln County,https://www.lincolncountywa.com/,lincolncounty,CivicPlus/CivicWeb,https://www.lincolncountywa.com/,https://www.lincolncountywa.com/
Mason County,County,Mason County,https://www.masoncountywa.gov/,masoncounty,Custom/Unknown,https://www.masoncountywa.gov/,https://www.masoncountywa.gov/government/county_commissioners/agendas_and_minutes.php
Okanogan County,County,Okanogan County,https://www.okanogancounty.org/,okanogancounty,CivicPlus/CivicWeb,https://www.okanogancounty.gov,https://www.okanogancounty.gov
Pacific County,County,Pacific County,https://www.co.pacific.wa.us/,pacificcounty,Custom/Unknown,https://www.co.pacific.wa.us/,https://www.co.pacific.wa.us/commissioner/meeting-documents/2026/index.htm
Pend Oreille County,County,Pend Oreille County,https://www.pendoreille.gov/,pendoreillecounty,Custom/Unknown,https://www.pendoreille.gov/,https://www.pendoreille.gov/meetings/recent
Pierce County,County,Pierce County,https://www.piercecountywa.gov/,piercecounty,Custom/Unknown,https://www.piercecountywa.gov/,Manual Review Required
San Juan County,County,San Juan County,https://www.sanjuancountywa.gov/,sanjuancounty,CivicPlus/CivicWeb,https://www.sanjuancountywa.gov/,https://www.sanjuancountywa.gov/
Skagit County,County,Skagit County,https://www.skagitcounty.net/Departments/Home,skagitcounty,Custom/Unknown,https://www.skagitcounty.net/Departments/Home,https://www.skagitcounty.net/Departments/Home/press/011726.htm
Skamania County,County,Skamania County,https://www.skamaniacounty.org/,skamaniacounty,Custom/Unknown,https://www.skamaniacounty.org/,Manual Review Required
Snohomish County,County,Snohomish County,https://snohomishcountywa.gov/,snohomishcounty,CivicPlus/CivicWeb,https://snohomishcountywa.gov/,https://snohomishcountywa.gov/
Spokane County,County,Spokane County,https://www.spokanecounty.gov/,spokanecounty,CivicPlus/CivicWeb,https://www.spokanecounty.gov/,https://www.spokanecounty.gov/
Stevens County,County,Stevens County,https://www.stevenscountywa.gov/,stevenscounty,Custom/Unknown,https://www.stevenscountywa.gov/,Manual Review Required
Thurston County,County,Thurston County,https://www.thurstoncountywa.gov/,thurstoncounty,Custom/Unknown,https://www.thurstoncountywa.gov/,https://www.thurstoncountywa.gov/departments/board-county-commissioners/board-county-commissioners-board-health-transportation-benefit-district-meeting-information
Walla Walla County,County,Walla Walla County,https://www.wwcowa.gov/,wallawallacounty,MuniCode,https://www.wwcowa.gov/,https://www.wwcowa.gov/
Whatcom County,County,Whatcom County,https://www.whatcomcounty.us/,whatcomcounty,CivicPlus/CivicWeb,https://www.whatcomcounty.us/,https://www.whatcomcounty.us/
Whitman County,County,Whitman County,https://www.whitmancounty.gov/,whitmancounty,CivicPlus/CivicWeb,https://www.whitmancounty.gov/,https://www.whitmancounty.gov/
Yakima County,County,Yakima County,https://www.yakimacounty.us/,yakimacounty,Unreachable,https://www.yakimacounty.us/,None
Ridgefield School District,School,Unknown,,ridgefieldschooldistrict,Pending Probe,,
Eatonville School District #404,School,Unknown,,eatonvilleschooldistrict#404,Pending Probe,,
Sunnyside School District,School,Unknown,,sunnysideschooldistrict,Pending Probe,,
Almira School District,School,Unknown,,almiraschooldistrict,Unknown,None,None
Palisades School District #102,School,Unknown,,palisadesschooldistrict#102,Unknown,None,None
Chewelah School District,School,Unknown,,chewelahschooldistrict,Pending Probe,,
La Center School District,School,Unknown,,lacenterschooldistrict,Unknown,None,None
Montesano School District,School,Unknown,,montesanoschooldistrict,Unknown,None,None
WA School Districts,School,Unknown,,waschooldistricts,Unknown,None,None
Snoqualmie Valley School District,School,Unknown,,snoqualmievalleyschooldistrict,Unknown,None,None
La Conner School District,School,Unknown,,laconnerschooldistrict,Unknown,None,None
WA Ports,Port,Unknown,,waports,Unknown,None,None
Port of Wahkiakum County No. 2,Port,Unknown,,portofwahkiakumcountyno2,Unknown,None,None
Port of Illahee,Port,Kitsap,,portofillahee,Unknown,None,None
Port of Benton,Port,Benton,,portofbenton,Unknown,None,None
Asotin-Anatone School District,School,Unknown,,asotin-anatoneschooldistrict,Pending Probe,,
Yakima School District,School,Unknown,,yakimaschooldistrict,Unknown,None,None
Port of Indianola,Port,Kitsap,,portofindianola,Unknown,None,None
Liberty School District,School,Unknown,,libertyschooldistrict,Unknown,None,None
Toutle Lake School District,School,Unknown,,toutlelakeschooldistrict,Unknown,None,None
Port of Willapa Harbor,Port,Pacific,,portofwillapaharbor,Unknown,None,None
Great Northern School District,School,Unknown,,greatnorthernschooldistrict,Unknown,None,None
Loon Lake School District,School,Unknown,,loonlakeschooldistrict,Unknown,None,None
Port of Kennewick,Port,Benton,,portofkennewick,Unknown,None,None
Auburn School District,School,Unknown,,auburnschooldistrict,Unknown,None,None
Snohomish School District,School,Unknown,,snohomishschooldistrict,Unknown,None,None
Raymond School District,School,Unknown,,raymondschooldistrict,Unknown,None,None
Burlington-Edison School District,School,Unknown,,burlington-edisonschooldistrict,Unknown,None,None
Brewster School District,School,Unknown,,brewsterschooldistrict,Pending Probe,,
Bainbridge Island School District,School,Unknown,,bainbridgeislandschooldistrict,Pending Probe,,
Blaine School District,School,Unknown,,blaineschooldistrict,Unknown,None,None
Port of Grant County No. 7 (Grand Coulee),Port,Unknown,,portofgrantcountyno7(grandcoulee),Unknown,None,None
Orcas Island School District,School,Unknown,,orcasislandschooldistrict,Unknown,None,None
Clover Park School District,School,Unknown,,cloverparkschooldistrict,Unknown,None,None
Kiona-Benton City School District,School,Unknown,,kiona-bentoncityschooldistrict,Unknown,None,None
Anacortes School District,School,Unknown,,anacortesschooldistrict,Unknown,None,None
Port of Seattle,Port,King,,portofseattle,Unknown,None,None
Damman School District,School,Unknown,,dammanschooldistrict,Unknown,None,None
Lake Chelan School District,School,Unknown,,lakechelanschooldistrict,Unknown,None,None
Clarkston School District,School,Unknown,,clarkstonschooldistrict,Unknown,None,None
Port of Ilwaco,Port,Pacific,,portofilwaco,Unknown,None,None
San Juan Island School District,School,Unknown,,sanjuanislandschooldistrict,Unknown,None,None
Colville School District,School,Unknown,,colvilleschooldistrict,Pending Probe,,
Skykomish School District,School,Unknown,,skykomishschooldistrict,Unknown,None,None
Orting School District,School,Unknown,,ortingschooldistrict,Unknown,None,None
Port of Allyn,Port,Mason,,portofallyn,Pending Probe,,
Mount Adams School District #209,School,Unknown,,mountadamsschooldistrict#209,Pending Probe,,
Prescott School District,School,Unknown,,prescottschooldistrict,Unknown,None,None
Curlew School District 50,School,Unknown,,curlewschooldistrict50,Pending Probe,,
Goldendale School District,School,Unknown,,goldendaleschooldistrict,Unknown,None,None
Morton School District,School,Unknown,,mortonschooldistrict,Unknown,None,None
Roosevelt School District,School,Unknown,,rooseveltschooldistrict,Unknown,None,None
Mill A School District,School,Unknown,,millaschooldistrict,Pending Probe,,
North Franklin School District,School,Unknown,,northfranklinschooldistrict,Unknown,None,None
Port of Shelton,Port,Mason,,portofshelton,Pending Probe,,
Port of Whitman County,Port,Unknown,,portofwhitmancounty,Unknown,None,None
Grandview School District,School,Unknown,,grandviewschooldistrict,Unknown,None,None
Pasco School District,School,Unknown,,pascoschooldistrict,Unknown,None,None
Paterson School District,School,Unknown,,patersonschooldistrict,Unknown,None,None
Lake Washington School District,School,Unknown,,lakewashingtonschooldistrict,Unknown,None,None
North Mason School District,School,Unknown,,northmasonschooldistrict,Unknown,None,None
Port of Skamania County,Port,Unknown,,portofskamaniacounty,Unknown,None,None
Tenino School District,School,Unknown,,teninoschooldistrict,Unknown,None,None
Port of Klickitat,Port,Klickitat,,portofklickitat,Unknown,None,None
Okanogan School District,School,Unknown,,okanoganschooldistrict,Unknown,None,None
Sumner-Bonney Lake School District,School,Unknown,,sumner-bonneylakeschooldistrict,Unknown,None,None
Central Valley School District,School,Unknown,,centralvalleyschooldistrict,Unknown,None,None
Port of Silverdale,Port,Kitsap,,portofsilverdale,Unknown,None,None
Cusick School District,School,Unknown,,cusickschooldistrict,Unknown,None,None
Keller School District #3,School,Unknown,,kellerschooldistrict#3,Unknown,None,None
Bickleton School District,School,Unknown,,bickletonschooldistrict,Unknown,None,None
Cape Flattery School District,School,Unknown,,capeflatteryschooldistrict,Pending Probe,,
Port of Garfield,Port,Garfield,,portofgarfield,Unknown,None,None
Washougal School District,School,Unknown,,washougalschooldistrict,Unknown,None,None
Ocosta School District,School,Unknown,,ocostaschooldistrict,Pending Probe,,
White Pass School District,School,Unknown,,whitepassschooldistrict,Unknown,None,None
Granite Falls School District,School,Unknown,,granitefallsschooldistrict,Unknown,None,None
Shelton School District,School,Unknown,,sheltonschooldistrict,Unknown,None,None
Elma School District,School,Unknown,,elmaschooldistrict,Unknown,None,None
Port of Centralia,Port,Lewis,,portofcentralia,Unknown,None,None
Newport School District,School,Unknown,,newportschooldistrict,Unknown,None,None
South Whidbey School District,School,Unknown,,southwhidbeyschooldistrict,Unknown,None,None
Kalama School District,School,Unknown,,kalamaschooldistrict,Pending Probe,,
East Valley School District,School,Unknown,,eastvalleyschooldistrict,Unknown,None,None
University Place School District,School,Unknown,,universityplaceschooldistrict,Pending Probe,,
Mukilteo School District,School,Unknown,,mukilteoschooldistrict,Unknown,None,None
Port of Chinook,Port,Pacific,,portofchinook,Unknown,None,None
Chehalis School District,School,Unknown,,chehalisschooldistrict,Unknown,None,None
White Salmon Valley School District,School,Unknown,,whitesalmonvalleyschooldistrict,Unknown,None,None
Port of Brownsville,Port,Kitsap,,portofbrownsville,Unknown,None,None
Port of Grant County No. 3 (Mattawa),Port,Unknown,,portofgrantcountyno3(mattawa),Unknown,None,None
Prosser School District,School,Unknown,,prosserschooldistrict,Unknown,None,None
Wellpinit School District,School,Unknown,,wellpinitschooldistrict,Unknown,None,None
Lakewood School District,School,Unknown,,lakewoodschooldistrict,Unknown,None,None
Vashon Island School District,School,Unknown,,vashonislandschooldistrict,Unknown,None,None
Quillayute Valley School District 402,School,Unknown,,quillayutevalleyschooldistrict402,Unknown,None,None
Steilacoom Historical School District No. 1,School,Unknown,,steilacoomhistoricalschooldistrictno1,Pending Probe,,
Kettle Falls School District No. 212,School,Unknown,,kettlefallsschooldistrictno212,Unknown,None,None
Wahluke School District,School,Unknown,,wahlukeschooldistrict,Unknown,None,None
Port of Eglon,Port,Kitsap,,portofeglon,Unknown,None,None
Odessa School District,School,Unknown,,odessaschooldistrict,Unknown,None,None
Toledo School District,School,Unknown,,toledoschooldistrict,Unknown,None,None
Nespelem School District #014,School,Unknown,,nespelemschooldistrict#014,Unknown,None,None
Port of Grant County No. 10 (Moses Lake),Port,Unknown,,portofgrantcountyno10(moseslake),Unknown,None,None
Pomeroy School District,School,Unknown,,pomeroyschooldistrict,Unknown,None,None
Port of Wahkiakum County No. 1,Port,Unknown,,portofwahkiakumcountyno1,Unknown,None,None
Port of Mabana,Port,Island,,portofmabana,Unknown,None,None
Northshore School District,School,Unknown,,northshoreschooldistrict,Unknown,None,None
Chimacum School District,School,Unknown,,chimacumschooldistrict,Custom/Unknown,https://www.mapquest.com/us/washington/chimacum-wa-283595835,Manual Review Required
Port of Port Angeles,Port,Clallam,,portofportangeles,Unknown,None,None
Star School District 504,School,Unknown,,starschooldistrict504,Unknown,None,None
Medical Lake School District,School,Unknown,,medicallakeschooldistrict,Pending Probe,,
Port of Woodland,Port,Cowlitz,,portofwoodland,Unknown,None,None
The Stehekin School District,School,Unknown,,thestehekinschooldistrict,Unknown,None,None
Port of Orcas,Port,San Juan,,portoforcas,Unknown,None,None
Tonasket School District,School,Unknown,,tonasketschooldistrict,Unknown,None,None
Port of Grant County No. 6 (Wilson Creek),Port,Unknown,,portofgrantcountyno6(wilsoncreek),Unknown,None,None
Richland School District,School,Unknown,,richlandschooldistrict,Unknown,None,None
Grand Coulee Dam School District,School,Unknown,,grandcouleedamschooldistrict,Pending Probe,,
South Kitsap School District,School,Unknown,,southkitsapschooldistrict,Unknown,None,None
Marysville School District 25,School,Unknown,,marysvilleschooldistrict25,Unknown,None,None
Port of Bellingham,Port,Whatcom,,portofbellingham,Pending Probe,,
Quilcene School District,School,Unknown,,quilceneschooldistrict,Unknown,None,None
Kittitas School District,School,Unknown,,kittitasschooldistrict,Unknown,None,None
Toppenish School District,School,Unknown,,toppenishschooldistrict,Unknown,None,None
Wilson Creek School District,School,Unknown,,wilsoncreekschooldistrict,Unknown,None,None
Port of Camas-Washougal,Port,Clark,,portofcamas-washougal,Unknown,None,None
Reardan-Edwall School District,School,Unknown,,reardan-edwallschooldistrict,Unknown,None,None
Shaw Island School District #10,School,Unknown,,shawislandschooldistrict#10,Unknown,None,None
Orient School District,School,Unknown,,orientschooldistrict,Unknown,None,None
Port of Pasco,Port,Franklin,,portofpasco,Unknown,None,None
Lyle School District,School,Unknown,,lyleschooldistrict,Unknown,None,None
Central Kitsap School District,School,Unknown,,centralkitsapschooldistrict,Unknown,None,None
Port of Hoodsport,Port,Mason,,portofhoodsport,Unknown,None,None
Port of South Whidbey Island,Port,Island,,portofsouthwhidbeyisland,Unknown,None,None
Meridian School District,School,Unknown,,meridianschooldistrict,Unknown,None,None
Port of Sunnyside,Port,Yakima,,portofsunnyside,Pending Probe,,
Cosmopolis School District,School,Unknown,,cosmopolisschooldistrict,Unknown,None,None
Port of Lopez,Port,San Juan,,portoflopez,Unknown,None,None
Port of Columbia,Port,Columbia,,portofcolumbia,Unknown,None,None
Wahkiakum School District,School,Unknown,,wahkiakumschooldistrict,Unknown,None,None
Adna School District,School,Unknown,,adnaschooldistrict,Unknown,None,None
Wilbur Creston School Districts,School,Unknown,,wilburcrestonschooldistricts,Unknown,None,None
Griffin School District,School,Unknown,,griffinschooldistrict,Unknown,None,None
Dayton School District,School,Unknown,,daytonschooldistrict,Unknown,None,None
Evergreen School District (Stevens),School,Unknown,,evergreenschooldistrict(stevens),Unknown,None,None
Skamania School District,School,Unknown,,skamaniaschooldistrict,Pending Probe,,
Zillah School District,School,Unknown,,zillahschooldistrict,Unknown,None,None
Queets-Clearwater School District 20,School,Unknown,,queets-clearwaterschooldistrict20,Unknown,None,None
Tumwater School District,School,Unknown,,tumwaterschooldistrict,Unknown,None,None
Washtucna School District,School,Unknown,,washtucnaschooldistrict,Unknown,None,None
Waitsburg School District,School,Unknown,,waitsburgschooldistrict,Unknown,None,None
Port of Edmonds,Port,Snohomish,,portofedmonds,Unknown,None,None
Port of Grays Harbor,Port,Grays Harbor,,portofgraysharbor,Pending Probe,,
Port of Grant County No. 5 (Hartline),Port,Unknown,,portofgrantcountyno5(hartline),Pending Probe,,
Port of Grant County No. 9 (Ephrata),Port,Unknown,,portofgrantcountyno9(ephrata),Unknown,None,None
Freeman School District,School,Unknown,,freemanschooldistrict,Unknown,None,None
Mercer Island School District,School,Unknown,,mercerislandschooldistrict,Pending Probe,,
Onion Creek School District #30,School,Unknown,,onioncreekschooldistrict#30,Unknown,None,None
Port of Bremerton,Port,Kitsap,,portofbremerton,Unknown,None,None
Touchet School District #300,School,Unknown,,touchetschooldistrict#300,Unknown,None,None
Port of Friday Harbor,Port,San Juan,,portoffridayharbor,Pending Probe,,
Dixie School District,School,Unknown,,dixieschooldistrict,Unknown,None,None
Port of Kalama,Port,Cowlitz,,portofkalama,Pending Probe,,
Bellevue School District,School,Unknown,,bellevueschooldistrict,Unknown,None,None
Darrington School District,School,Unknown,,darringtonschooldistrict,Unknown,None,None
Green Mountain School District #103,School,Unknown,,greenmountainschooldistrict#103,Pending Probe,,
Coulee-Hartline School District,School,Unknown,,coulee-hartlineschooldistrict,Unknown,None,None
Sedro-Woolley School District,School,Unknown,,sedro-woolleyschooldistrict,Unknown,None,None
Castle Rock School District,School,Unknown,,castlerockschooldistrict,Unknown,None,None
Republic School District #309,School,Unknown,,republicschooldistrict#309,Unknown,None,None
Port of Olympia,Port,Thurston,,portofolympia,Unknown,None,None
Inchelium School District,School,Unknown,,incheliumschooldistrict,Pending Probe,,
Port of Grant County No. 4 (Coulee City),Port,Unknown,,portofgrantcountyno4(couleecity),Unknown,None,None
Port of Keyport,Port,Kitsap,,portofkeyport,Pending Probe,,
Monroe School District,School,Unknown,,monroeschooldistrict,Unknown,None,None
Hoquiam School District No. 28,School,Unknown,,hoquiamschooldistrictno28,Unknown,None,None
Tahoma School District No. 409,School,Unknown,,tahomaschooldistrictno409,Pending Probe,,
Othello School District,School,Unknown,,othelloschooldistrict,Unknown,None,None
Camas School District,School,Unknown,,camasschooldistrict,Pending Probe,,
Thorp School District,School,Unknown,,thorpschooldistrict,Unknown,None,None
Warden School District,School,Unknown,,wardenschooldistrict,Unknown,None,None
Port of Poulsbo,Port,Kitsap,,portofpoulsbo,Unknown,None,None
Lynden School District,School,Unknown,,lyndenschooldistrict,Pending Probe,,
Port of Vancouver,Port,Clark,,portofvancouver,Unknown,None,None
Rainier School District,School,Unknown,,rainierschooldistrict,Pending Probe,,
Garfield School District,School,Unknown,,garfieldschooldistrict,Unknown,None,None
Granger School District,School,Unknown,,grangerschooldistrict,Unknown,None,None
Port of Longview,Port,Cowlitz,,portoflongview,Pending Probe,,
McCleary School District,School,Unknown,,mcclearyschooldistrict,Unknown,None,None
Renton School District,School,Unknown,,rentonschooldistrict,Unknown,None,None
Port of Kingston,Port,Kitsap,,portofkingston,Unknown,None,None
Davenport School District,School,Unknown,,davenportschooldistrict,Unknown,None,None
Deer Park School District,School,Unknown,,deerparkschooldistrict,Unknown,None,None
Colton School District,School,Unknown,,coltonschooldistrict,Pending Probe,,
Valley School District,School,Unknown,,valleyschooldistrict,Unknown,None,None
East Valley School District No. 90,School,Unknown,,eastvalleyschooldistrictno90,Unknown,None,None
Omak School District,School,Unknown,,omakschooldistrict,Unknown,None,None
Eastmont School District,School,Unknown,,eastmontschooldistrict,Unknown,None,None
Soap Lake School District #156,School,Unknown,,soaplakeschooldistrict#156,Unknown,None,None
Winlock School District,School,Unknown,,winlockschooldistrict,Unknown,None,None
Royal School District,School,Unknown,,royalschooldistrict,Unknown,None,None
Port of Port Townsend,Port,Jefferson,,portofporttownsend,Pending Probe,,
Ellensburg School District,School,Unknown,,ellensburgschooldistrict,Unknown,None,None
Concrete School District,School,Unknown,,concreteschooldistrict,Unknown,None,None
Port of Grant County No. 2 (Royal Slope),Port,Unknown,,portofgrantcountyno2(royalslope),Unknown,None,None
Port of Clarkston,Port,Asotin,,portofclarkston,Unknown,None,None
Oroville School District,School,Unknown,,orovilleschooldistrict,Unknown,None,None
Naches Valley School District,School,Unknown,,nachesvalleyschooldistrict,Unknown,None,None
Port of Walla Walla,Port,Walla Walla,,portofwallawalla,Unknown,None,None
Port of Dewatto,Port,Mason,,portofdewatto,Unknown,None,None
Entiat School District,School,Unknown,,entiatschooldistrict,Unknown,None,None
Cascade School District,School,Unknown,,cascadeschooldistrict,Unknown,None,None
Port of Skagit County,Port,Unknown,,portofskagitcounty,Pending Probe,,
Waterville School District,School,Unknown,,watervilleschooldistrict,Unknown,None,None
Satsop School District,School,Unknown,,satsopschooldistrict,Unknown,None,None
Pateros School District,School,Unknown,,paterosschooldistrict,Unknown,None,None
West Valley School District,School,Unknown,,westvalleyschooldistrict,Unknown,None,None
Mansfield School District,School,Unknown,,mansfieldschooldistrict,Unknown,None,None
Port of Chelan County,Port,Unknown,,portofchelancounty,Pending Probe,,
Evaline School District,School,Unknown,,evalineschooldistrict,Pending Probe,,
Mead School District 354,School,Unknown,,meadschooldistrict354,Unknown,None,None
Port of Ridgefield,Port,Clark,,portofridgefield,Unknown,None,None
Bridgeport School District,School,Unknown,,bridgeportschooldistrict,Unknown,None,None
Columbia School District #206,School,Unknown,,columbiaschooldistrict#206,Unknown,None,None
Oakesdale School District #324,School,Unknown,,oakesdaleschooldistrict#324,Unknown,None,None
Port of Douglas County,Port,Unknown,,portofdouglascounty,Unknown,None,None
Port of Grapeview,Port,Mason,,portofgrapeview,Pending Probe,,
Dieringer School District,School,Unknown,,dieringerschooldistrict,Unknown,None,None
Ocean Beach School District,School,Unknown,,oceanbeachschooldistrict,Unknown,None,None
Grapeview School District,School,Unknown,,grapeviewschooldistrict,Pending Probe,,
Orchard Prairie School District No 123,School,Unknown,,orchardprairieschooldistrictno123,Unknown,None,None
Port of Pend Oreille,Port,Pend Oreille,,portofpendoreille,Unknown,None,None
Mary Walker School District,School,Unknown,,marywalkerschooldistrict,Unknown,None,None
Crescent School District,School,Unknown,,crescentschooldistrict,Unknown,None,None
Lopez Island School District,School,Unknown,,lopezislandschooldistrict,Pending Probe,,
Puyallup School District,School,Unknown,,puyallupschooldistrict,Unknown,None,None
Ephrata School District,School,Unknown,,ephrataschooldistrict,Unknown,None,None
Port of Manchester,Port,Kitsap,,portofmanchester,Unknown,None,None
Stanwood-Camano School District,School,Unknown,,stanwood-camanoschooldistrict,Unknown,None,None
Lake Stevens School District,School,Unknown,,lakestevensschooldistrict,Unknown,None,None
Port Angeles School District,School,Unknown,,portangelesschooldistrict,Unknown,None,None
Aberdeen School District,School,Unknown,,aberdeenschooldistrict,Unknown,None,None
Lacrosse School District #126,School,Unknown,,lacrosseschooldistrict#126,Unknown,None,None
Cle Elum-Roslyn School District,School,Unknown,,cleelum-roslynschooldistrict,Unknown,None,None
Port of Anacortes,Port,Skagit,,portofanacortes,Unknown,None,None
Klickitat School District,School,Unknown,,klickitatschooldistrict,Pending Probe,,
Summit Valley School District,School,Unknown,,summitvalleyschooldistrict,Unknown,None,None
Port of Peninsula,Port,Pacific,,portofpeninsula,Unknown,None,None
Centralia School District 401,School,Unknown,,centraliaschooldistrict401,Unknown,None,None
North Beach School District,School,Unknown,,northbeachschooldistrict,Unknown,None,None
Oakville School District #400,School,Unknown,,oakvilleschooldistrict#400,Pending Probe,,
St. John Endicott School District,School,Unknown,,stjohnendicottschooldistrict,Unknown,None,None
Highland School District,School,Unknown,,highlandschooldistrict,Unknown,None,None
Columbia School District,School,Unknown,,columbiaschooldistrict,Unknown,None,None
Napavine School District,School,Unknown,,napavineschooldistrict,Unknown,None,None
Selah School District,School,Unknown,,selahschooldistrict,Unknown,None,None
Moses Lake School District,School,Unknown,,moseslakeschooldistrict,Unknown,None,None
Tukwila School District,School,Unknown,,tukwilaschooldistrict,Unknown,None,None
White River School District,School,Unknown,,whiteriverschooldistrict,Pending Probe,,
Index School District,School,Unknown,,indexschooldistrict,Unknown,None,None
Kennewick School District,School,Unknown,,kennewickschooldistrict,Unknown,None,None
Port of Grant County No. 1 (Quincy),Port,Unknown,,portofgrantcountyno1(quincy),Unknown,None,None
Tekoa School District,School,Unknown,,tekoaschooldistrict,Unknown,None,None
Rochester School District,School,Unknown,,rochesterschooldistrict,Pending Probe,,
Port of Grandview,Port,Yakima,,portofgrandview,Unknown,None,None
Port of Tracyton,Port,Kitsap,,portoftracyton,Unknown,None,None
Lake Quinault School District,School,Unknown,,lakequinaultschooldistrict,Pending Probe,,
Manson School District,School,Unknown,,mansonschooldistrict,Unknown,None,None
Wishkah Valley School District,School,Unknown,,wishkahvalleyschooldistrict,Unknown,None,None
Ferndale School District,School,Unknown,,ferndaleschooldistrict,Unknown,None,None
Olympia School District,School,Unknown,,olympiaschooldistrict,Unknown,None,None
Nooksack Valley School District,School,Unknown,,nooksackvalleyschooldistrict,Unknown,None,None
Hood Canal School District,School,Unknown,,hoodcanalschooldistrict,Unknown,None,None
Colfax School District,School,Unknown,,colfaxschooldistrict,Pending Probe,,
Easton School District,School,Unknown,,eastonschooldistrict,Unknown,None,None
Willapa Valley School District,School,Unknown,,willapavalleyschooldistrict,Unknown,None,None
Peninsula School District,School,Unknown,,peninsulaschooldistrict,Unknown,None,None
Finley School District,School,Unknown,,finleyschooldistrict,Unknown,None,None
Benge School District,School,Unknown,,bengeschooldistrict,Unknown,None,None
Mary M Knight School District 311,School,Unknown,,marymknightschooldistrict311,Unknown,None,None
Mossyrock School District,School,Unknown,,mossyrockschooldistrict,Unknown,None,None
Wapato School District,School,Unknown,,wapatoschooldistrict,Unknown,None,None
Union Gap School District,School,Unknown,,uniongapschooldistrict,Unknown,None,None
Port of Waterman,Port,Kitsap,,portofwaterman,Unknown,None,None
Steptoe School District,School,Unknown,,steptoeschooldistrict,Unknown,None,None
Port of Chehalis,Port,Lewis,,portofchehalis,Unknown,None,None
Port of Othello,Port,Adams,,portofothello,Unknown,None,None
Enumclaw School District,School,Unknown,,enumclawschooldistrict,Pending Probe,,
Stevenson-Carson School District 503,School,Unknown,,stevenson-carsonschooldistrict503,Unknown,None,None
Northport School District,School,Unknown,,northportschooldistrict,Pending Probe,,
Riverview School District,School,Unknown,,riverviewschooldistrict,Unknown,None,None
North River School District #200,School,Unknown,,northriverschooldistrict#200,Unknown,None,None
Boistfort School District,School,Unknown,,boistfortschooldistrict,Unknown,None,None
Cashmere School District,School,Unknown,,cashmereschooldistrict,Unknown,None,None
Issaquah School District 411,School,Unknown,,issaquahschooldistrict411,Unknown,None,None
Port of Kahlotus,Port,Franklin,,portofkahlotus,Unknown,None,None
Orondo School District,School,Unknown,,orondoschooldistrict,Pending Probe,,
Nine Mile Falls School District,School,Unknown,,ninemilefallsschooldistrict,Unknown,None,None
Port of Coupeville,Port,Island,,portofcoupeville,Pending Probe,,
Centerville School District,School,Unknown,,centervilleschooldistrict,Unknown,None,None
Brinnon School District,School,Unknown,,brinnonschooldistrict,Unknown,None,None
Pioneer School District,School,Unknown,,pioneerschooldistrict,Unknown,None,None
Port of Everett,Port,Snohomish,,portofeverett,Unknown,None,None
Conway School District,School,Unknown,,conwayschooldistrict,Unknown,None,None
Port Townsend School District,School,Unknown,,porttownsendschooldistrict,Unknown,None,None
Carbonado Historical School District,School,Unknown,,carbonadohistoricalschooldistrict,Pending Probe,,
Southside School District,School,Unknown,,southsideschooldistrict,Unknown,None,None
Port of Tacoma,Port,Pierce,,portoftacoma,Unknown,None,None
Port of Grant County No. 8 (Warden),Port,Unknown,,portofgrantcountyno8(warden),Unknown,None,None
North Kitsap School District,School,Unknown,,northkitsapschooldistrict,Pending Probe,,
Bremerton School District,School,Unknown,,bremertonschooldistrict,Unknown,None,None
Starbuck School District,School,Unknown,,starbuckschooldistrict,Unknown,None,None
Sequim School District,School,Unknown,,sequimschooldistrict,Unknown,None,None
Coupeville School District,School,Unknown,,coupevilleschooldistrict,Custom/Unknown,https://smalltownwashington.com/things-to-do-in-coupeville-washington/,Manual Review Required
Methow Valley School District,School,Unknown,,methowvalleyschooldistrict,Unknown,None,None
Quincy School District,School,Unknown,,quincyschooldistrict,Unknown,None,None
Riverside School District,School,Unknown,,riversideschooldistrict,Unknown,None,None
Kent School District,School,Unknown,,kentschooldistrict,Pending Probe,,
Mabton School District,School,Unknown,,mabtonschooldistrict,Unknown,None,None
Edmonds School District,School,Unknown,,edmondsschooldistrict,Unknown,None,None
Hockinson School District,School,Unknown,,hockinsonschooldistrict,Unknown,None,None
Trout Lake School District,School,Unknown,,troutlakeschooldistrict,Unknown,None,None
Kelso School District,School,Unknown,,kelsoschooldistrict,Pending Probe,,
Sultan School District #311,School,Unknown,,sultanschooldistrict#311,Unknown,None,None
Taholah School District,School,Unknown,,taholahschooldistrict,Unknown,None,None
Wishram School District,School,Unknown,,wishramschooldistrict,Pending Probe,,
Onalaska School District,School,Unknown,,onalaskaschooldistrict,Pending Probe,,
Highline School District,School,Unknown,,highlineschooldistrict,Pending Probe,,
"""Palisades School District""",School,Unknown,,"""palisadesschooldistrict""",Pending Probe,,
Palouse School District,School,Unknown,,palouseschooldistrict,Pending Probe,,
Sprague School District,School,Unknown,,spragueschooldistrict,Pending Probe,,
LaConner School District,School,Unknown,,laconnerschooldistrict,Pending Probe,,
Yelm School District,School,Unknown,,yelmschooldistrict,Pending Probe,,
Shoreline School District,School,Unknown,,shorelineschooldistrict,Pending Probe,,
Oak Harbor School District,School,Unknown,,oakharborschooldistrict,Pending Probe,,
Bellingham School District,School,Unknown,,bellinghamschooldistrict,Pending Probe,,
Lamont School District,School,Unknown,,lamontschooldistrict,Pending Probe,,
Battle Ground School District,School,Unknown,,battlegroundschooldistrict,Pending Probe,,
College Place School District,School,Unknown,,collegeplaceschooldistrict,Pending Probe,,
Everett School District,School,Unknown,,everettschooldistrict,Pending Probe,,
Lind School District,School,Unknown,,lindschooldistrict,Pending Probe,,
Franklin Pierce School District,School,Unknown,,franklinpierceschooldistrict,Pending Probe,,
Washington School District (disambiguation),School,Unknown,,washingtonschooldistrict(disambiguation),Pending Probe,,
Cheney School District,School,Unknown,,cheneyschooldistrict,Pending Probe,,
Kahlotus School District,School,Unknown,,kahlotusschooldistrict,Pending Probe,,
Federal Way School District,School,Unknown,,federalwayschooldistrict,Pending Probe,,
Harrington School District,School,Unknown,,harringtonschooldistrict,Pending Probe,,
Mount Baker School District,School,Unknown,,mountbakerschooldistrict,Pending Probe,,
Walla Walla School District,School,Unknown,,wallawallaschooldistrict,Pending Probe,,
Rosalia School District,School,Unknown,,rosaliaschooldistrict,Pending Probe,,
Pe Ell School District,School,Unknown,,peellschooldistrict,Pending Probe,,
Woodland School District,School,Unknown,,woodlandschooldistrict,Pending Probe,,
Pullman School District,School,Unknown,,pullmanschooldistrict,Pending Probe,,
Evergreen School District (Clark),School,Unknown,,evergreenschooldistrict(clark),Pending Probe,,
Glenwood School District,School,Unknown,,glenwoodschooldistrict,Pending Probe,,
Saint John School District,School,Unknown,,saintjohnschooldistrict,Pending Probe,,
South Bend School District,School,Unknown,,southbendschooldistrict,Pending Probe,,
Wenatchee School District,School,Unknown,,wenatcheeschooldistrict,Pending Probe,,
Mount Pleasant School District,School,Unknown,,mountpleasantschooldistrict,Pending Probe,,
Selkirk School District,School,Unknown,,selkirkschooldistrict,Pending Probe,,
Arlington School District,School,Unknown,,arlingtonschooldistrict,Pending Probe,,
Bethel School District,School,Unknown,,bethelschooldistrict,Pending Probe,,
Ritzville School District,School,Unknown,,ritzvilleschooldistrict,Pending Probe,,
Vancouver School District,School,Unknown,,vancouverschooldistrict,Pending Probe,,
