Name,Platform,ID,Official_URL
Grays Harbor County,Unknown,,http://www.co.grays-harbor.wa.us
Pierce County,Unknown,,https://piercecountywa.gov
Clallam County,Unknown,,http://www.clallam.net
Okanogan County,Unknown,,http://okanogancounty.org
Clark County,Granicus,clark,
Skamania County,Unknown,,http://www.skamaniacounty.org
Snohomish County,Granicus,snohomish,
Kitsap County,Unknown,,https://kitsap.gov
Franklin County,Unknown,,http://www.co.franklin.wa.us
Yakima County,Unknown,,http://www.yakimacounty.us
Grant County,Unknown,,http://www.co.grant.wa.us
Cowlitz County,Unknown,,https://www.co.cowlitz.wa.us/
Chelan County,Unknown,,http://www.co.chelan.wa.us
Whitman County,Unknown,,http://www.whitmancounty.org
Walla Walla County,Unknown,,http://www.co.walla-walla.wa.us
Jefferson County,Unknown,,http://www.co.jefferson.wa.us
Columbia County,Unknown,,https://www.columbiaco.com
San Juan County,Unknown,,https://www.sanjuancountywa.gov/
Wahkiakum County,Unknown,,http://www.co.wahkiakum.wa.us
Spokane County,Unknown,,http://www.spokanecounty.org
Douglas County,Granicus,douglascounty,
Stevens County,Unknown,,http://www.co.stevens.wa.us
Whatcom County,Granicus,whatcom,
Pacific County,Unknown,,http://www.co.pacific.wa.us
Thurston County,Unknown,,https://thurstoncountywa.gov
Pend Oreille County,Unknown,,http://www.pendoreilleco.org
Mason County,Unknown,,https://masoncountywa.gov
King County,Granicus,kingcounty,
Adams County,Unknown,,http://www.co.adams.wa.us
Ferry County,Unknown,,https://www.ferry-county.com/
Island County,Unknown,,https://islandcountywa.gov
Skagit County,Unknown,,https://skagitcounty.net
Kittitas County,Unknown,,http://www.co.kittitas.wa.us
Asotin County,Unknown,,http://www.co.asotin.wa.us
Benton County,Unknown,,https://www.co.benton.wa.us/
Quillehuyte County,Unknown,,
Garfield County,Unknown,,
Klickitat County,Unknown,,
Lincoln County,CivicWeb,lincoln,
Lewis County,Unknown,,
Kahlotus,Unknown,,
Grand Coulee,Unknown,,
Gig Harbor,Unknown,,
Ellensburg,Unknown,,
Spokane,Unknown,,
Brewster,Unknown,,
Hunts Point,Unknown,,
West Richland,Unknown,,
Tieton,Unknown,,
Ridgefield,Unknown,,
Bridgeport,Unknown,,
Cusick,Unknown,,
Burlington,Unknown,,
Cosmopolis,Unknown,,
Ocean Shores,CivicWeb,oceanshores,
Concrete,Unknown,,
Wilkeson,Unknown,,
Bucoda,Unknown,,
Brier,CivicWeb,brier,
Ilwaco,Unknown,,
Auburn,Unknown,,
Woodland,CivicWeb,woodland,
Olympia,Granicus,olympia,
Coulee Dam,Unknown,,
Cle Elum,Unknown,,
Naches,Unknown,,
Newcastle,CivicWeb,newcastle,
Tenino,Unknown,,
Chewelah,Unknown,,
Pe Ell,Unknown,,
Rosalia,Unknown,,
Latah,Unknown,,
Woodway,Unknown,,
Bellingham,Unknown,,
Airway Heights,Unknown,,
Colton,Unknown,,
Waterville,Unknown,,
Mabton,Unknown,,
Liberty Lake,Unknown,,
Bonney Lake,Unknown,,
Soap Lake,Unknown,,
Fairfield,Unknown,,
Everett,Unknown,,
Vader,Unknown,,
Tri-Cities,Unknown,,
Othello,Unknown,,
Springdale,Unknown,,
Albion,Unknown,,
Beaux Arts Village,Unknown,,
La Center,CivicWeb,lacenter,
Pacific,Unknown,,
South Prairie,Unknown,,
Spangle,Unknown,,
Uniontown,Unknown,,
Rock Island,Unknown,,
Sprague,Unknown,,
Coupeville,Unknown,,
Aberdeen,Unknown,,
Edgewood,Unknown,,
Pasco,Unknown,,
Moxee,Unknown,,
Colfax,Unknown,,
Harrah,Unknown,,
Spokane Valley,Unknown,,
Waverly,Unknown,,
Elmer City,Unknown,,
Harrington,CivicWeb,cityofharrington,
Longview,Unknown,,
Kittitas,Unknown,,
Puyallup,Unknown,,
Yarrow Point,Unknown,,
Endicott,Unknown,,
Quincy,CivicWeb,quincy,
Colville,Unknown,,
Wapato,Unknown,,
Mountlake Terrace,Unknown,,
Gold Bar,Unknown,,
Shelton,Unknown,,
Palouse,Unknown,,
Lynden,Unknown,,
Orting,Unknown,,
Creston,Unknown,,
Lind,Unknown,,
Tonasket,Unknown,,
Omak,Unknown,,
La Conner,Unknown,,
Walla Walla,Unknown,,
Bingen,Unknown,,
Camas,Granicus,camas,
Lakewood,Unknown,,
Everson,Unknown,,
Okanogan,Unknown,,
Goldendale,Unknown,,
Algona,Unknown,,
LaCrosse,Granicus,cityoflacrosse,
Westport,CivicWeb,westport,
Federal Way,Unknown,,
Long Beach,Granicus,longbeach,
Port Townsend,Unknown,,
Oakesdale,Unknown,,
Steilacoom,Unknown,,
Burien,Unknown,,
Cheney,Unknown,,
Normandy Park,CivicWeb,normandypark,
Bremerton,Unknown,,
Lake Forest Park,Unknown,,
Yacolt,Unknown,,
Winlock,Unknown,,
Lynnwood,Unknown,,
Duvall,Unknown,,
Milton,Unknown,,
South Cle Elum,Unknown,,
North Bend,Unknown,,
Connell,Unknown,,
Edmonds,Unknown,,
Port Orchard,Unknown,,
Odessa,Unknown,,
Arlington,Unknown,,
Lyman,Unknown,,
Twisp,Unknown,,https://townoftwisp.com/
Hamilton,Unknown,,https://www.townofhamiltonwa.com/
Sunnyside,Unknown,,
Selah,Unknown,,
Deer Park,Granicus,cityofdeerpark,
Tacoma,Granicus,cityoftacoma,
Reardan,Unknown,,
Westlake,CivicWeb,cityofwestlake,
Rockford,Unknown,,
Yelm,Unknown,,
Richland,Unknown,,
"Fairhaven, Bellingham",Unknown,,
Northport,Granicus,cityofnorthport,
Kelso,Unknown,,
Medical Lake,Unknown,,
Napavine,Unknown,,
White Salmon,Unknown,,
Centralia,Unknown,,
Oroville,Unknown,,
Sumner,CivicWeb,sumner,
Tukwila,Unknown,,
Shoreline,Unknown,,
Darrington,Unknown,,
Prescott,Unknown,,
College Place,Unknown,,
Garfield,Unknown,,
North Bonneville,Unknown,,
George,Unknown,,
Redmond,Granicus,redmond,
Sequim,Unknown,,
Pateros,Unknown,,
Index,Unknown,,
Langley,Unknown,,
Lamont,Unknown,,
Mukilteo,Unknown,,
Newport,Unknown,,
Mesa,Granicus,mesa,
Union Gap,Unknown,,
Roslyn,Unknown,,
Malden,Granicus,cityofmalden,
Pomeroy,Unknown,,
Kennewick,Unknown,,
Kirkland,Unknown,,
Snohomish,Granicus,snohomish,
Marysville,Unknown,,
Ione,Unknown,,
Hatton,Unknown,,
Yakima,Unknown,,
Friday Harbor,Unknown,,
Asotin,Unknown,,
Moses Lake,Unknown,,
Stevenson,Unknown,,
South Bend,Unknown,,
Clarkston,Unknown,,
Mossyrock,Unknown,,
Black Diamond,CivicWeb,blackdiamond,
Starbuck,Unknown,,
Vancouver,Unknown,,
Ferndale,CivicWeb,ferndale,
Medina,Unknown,,
Metaline,Unknown,,
Farmington,CivicWeb,farmington,
Stanwood,Unknown,,
Grandview,Unknown,,
Anacortes,Unknown,,
Carnation,Unknown,,
Pullman,Unknown,,
Woodinville,Unknown,,
Skykomish,Unknown,,
Leavenworth,Unknown,,
Fife,Unknown,,
Mount Vernon,Unknown,,
Oak Harbor,Unknown,,
University Place,Unknown,,
Fircrest,Unknown,,
Kenmore,Unknown,,
Toppenish,Unknown,,
Carbonado,Unknown,,
Cashmere,Unknown,,
Ritzville,Unknown,,
Forks,Unknown,,
Dayton,Unknown,,
Blaine,Granicus,blaine,
Rainier,Unknown,,
Washougal,Unknown,,
Lacey,Unknown,,
Nespelem,Unknown,,
Chelan,CivicWeb,cityofchelan,
Granger,Unknown,,
Metaline Falls,Unknown,,
Wilson Creek,Unknown,,
Davenport,Unknown,,
Port Angeles,Unknown,,
Bothell,Unknown,,
Mansfield,Granicus,mansfield,
Poulsbo,Unknown,,
Tumwater,Unknown,,
Sedro-Woolley,Unknown,,
Sultan,Unknown,,
Electric City,Unknown,,
Hartline,Unknown,,
Mill Creek,Unknown,,
Montesano,Unknown,,
Republic,Unknown,,
Benton City,Unknown,,
Castle Rock,Unknown,,
Warden,Unknown,,
Oakville,Unknown,,
St. John,Unknown,,
Buckley,Unknown,,
Lake Stevens,Unknown,,
Monroe,Unknown,,
Morton,Unknown,,
Kettle Falls,Unknown,,
Renton,Unknown,,
Sumas,Unknown,,
Ephrata,CivicWeb,ephrata,
Waitsburg,Unknown,,
Wenatchee,Unknown,,
Chehalis,Unknown,,
Hoquiam,Unknown,,
Bainbridge Island,Unknown,,
Des Moines,Unknown,,
Nooksack,Unknown,,
Coulee City,Unknown,,
Maple Valley,Unknown,,
Wilbur,Unknown,,
Tekoa,Unknown,,
Millwood,Unknown,,
Riverside,CivicWeb,riverside,
Kalama,Unknown,,
Mercer Island,Unknown,,
Enumclaw,Unknown,,
Raymond,Unknown,,
Winthrop,Unknown,,
Covington,Unknown,,
Conconully,Unknown,,
Cathlamet,Unknown,,
Sammamish,Unknown,,
Zillah,Unknown,,
Kent,Unknown,,
Roy,Unknown,,
Toledo,Granicus,toledo,
DuPont,CivicWeb,dupont,
East Wenatchee,Unknown,,
Prosser,CivicWeb,cityofprosser,
SeaTac,Unknown,,
Washtucna,Unknown,,
Krupp,Unknown,,
Entiat,Unknown,,
McCleary,Unknown,,
Snoqualmie,Unknown,,
Elma,Unknown,,
Marcus,Unknown,,
Ruston,Unknown,,
Battle Ground,Unknown,,
Royal City,Unknown,,
Bellevue,Granicus,bellevue,
Clyde Hill,CivicWeb,clydehill,
Eatonville,Unknown,,
Issaquah,CivicWeb,issaquah,
Granite Falls,Unknown,,
Almira,Unknown,,
Mattawa,Unknown,,
Onion Creek School District,Unknown,,
Issaquah School District,Unknown,,
Grandview School District,Unknown,,
Mount Pleasant School District,Unknown,,
Bainbridge Island School District,Unknown,,
Mercer Island School District,Unknown,,
Tahoma School District,Unknown,,
South Kitsap School District,Unknown,,
Adna School District,Unknown,,
Mount Adams School District,Unknown,,
Quincy School District,Unknown,,
Quillayute Valley School District,Unknown,,
Anacortes School District,Unknown,,
Wapato School District,Unknown,,
Sunnyside School District,Unknown,,
Edmonds School District,Unknown,,
Stevenson-Carson School District,Unknown,,
Thorp School District,Unknown,,
Wahluke School District,Unknown,,
South Whidbey School District,Unknown,,
Snoqualmie Valley School District,Unknown,,
Steilacoom Historical School District,Unknown,,
Wenatchee School District,Unknown,,
Bremerton School District,Unknown,,
Blaine School District,Unknown,,
Union Gap School District,Unknown,,
Orient School District,Unknown,,
White River School District,Unknown,,
Oak Harbor School District,Unknown,,
Reardan-Edwall School District,Unknown,,
Bellevue School District,Unknown,,
Rainier School District,Unknown,,
Griffin School District,Unknown,,
Puyallup School District,Unknown,,
Lynden School District,Unknown,,
Battle Ground School District,Unknown,,
Kennewick School District,Unknown,,
Mukilteo School District,Unknown,,
Chehalis School District,Unknown,,
South Bend School District,Unknown,,
Franklin Pierce School District,Unknown,,
Benge School District,Unknown,,
Shelton School District,Unknown,,
Highline School District,Unknown,,
Eastmont School District,Unknown,,
Garfield School District,Unknown,,
Sedro-Woolley School District,Unknown,,
Index School District,Unknown,,
McCleary School District,Unknown,,
Brinnon School District,Unknown,,
Ellensburg School District,Unknown,,
Coupeville School District,Unknown,,
White Pass School District,Unknown,,
Colfax School District,Unknown,,
Inchelium School District,Unknown,,
Northport School District,Unknown,,
Burlington-Edison School District,Unknown,,
Bridgeport School District,Unknown,,
Renton School District,Unknown,,
University Place School District,Unknown,,
Pullman School District,Unknown,,
Yakima School District,Unknown,,
Ferndale School District,Unknown,,
Northshore School District,Unknown,,
Waterville School District,Unknown,,
Bellingham School District,Unknown,,
Creston School District,Unknown,,
Monroe School District,Unknown,,
Lake Washington School District,Unknown,,
Kent School District,Unknown,,
Marysville School District,Unknown,,
Tumwater School District,Unknown,,
Mead School District,Unknown,,
North Mason School District,Unknown,,
Yelm School District,Unknown,,
Carbonado School District,Unknown,,
Great Northern School District,Unknown,,
Almira School District,Unknown,,
Damman School District,Unknown,,
Auburn School District,Unknown,,
Pasco School District,Unknown,,
North Kitsap School District,Unknown,,
Granite Falls School District,Unknown,,
Ocosta School District,Unknown,,
Port Angeles School District,Unknown,,
Cape Flattery School District,Unknown,,
Tukwila School District,Unknown,,
Boistfort School District,Unknown,,
Omak School District,Unknown,,
Sumner School District,Unknown,,
Arlington School District,Unknown,,
Everett School District,Unknown,,
Snohomish School District,Unknown,,
Zillah School District,Unknown,,
Camas School District,Unknown,,
Shoreline School District,Unknown,,
Nine Mile Falls School District,Unknown,,
Bickleton School District,Unknown,,
Toppenish School District,Unknown,,
Wahkiakum School District,Unknown,,
Central Kitsap School District,Unknown,,
Coulee-Hartline School District,Unknown,,
Colville School District,Unknown,,
Hockinson School District,Unknown,,
Olympia School District,Unknown,,
Peninsula School District,Unknown,,
Centerville School District,Unknown,,
Clover Park School District,Unknown,,
Darrington School District,Unknown,,
Cheney School District,Unknown,,
Enumclaw School District,Unknown,,
Federal Way School District,Unknown,,
College Place School District,Unknown,,
Nooksack Valley School District,Unknown,,
Lake Stevens School District,Unknown,,
Asotin-Anatone School District,Unknown,,
Kiona-Benton City School District,Unknown,,
Port of Walla Walla (page does not exist),Unknown,,
Port of Port Angeles (page does not exist),Unknown,,
Port of Mattawa,Unknown,,
Port of Grays Harbor,Unknown,,
Port of Anacortes (page does not exist),Unknown,,
Port of Bellingham,Unknown,,
Port of Olympia,Unknown,,
Port of Whitman County,Unknown,,
Port of Seattle,Unknown,,
Port of Centralia,Unknown,,
Port of Poulsbo,Unknown,,
Port of Skagit County,Unknown,,
Port of Longview,Unknown,,
Port of Everett,Unknown,,
Port of Tacoma,Unknown,,
Port of Vancouver USA,Unknown,,
Port of Chehalis,Unknown,,
Port of Kalama (page does not exist),Unknown,,
Port of Camas-Washougal,Unknown,,
